query	target	bits	fident	alnlen	lddt	ttmscore	alntmscore	cigar	query_ec	target_ec	ungapped_alnlen	ec_match
O14773	O14773	5221	1.0	563	1.0	1.0	1.0	563M	3.4.14.9	3.4.14.9	563	True
O66990	O66990	3854	1.0	422	1.0	1.0	1.0	422M	3.5.2.3	3.5.2.3	422	True
O66990	P30140	49	0.13	336	0.2383	0.2524	0.2524	2M1D5M3D6M6I6M2D8M2D7M6I8M4I8M4I2M3D6M7D12M14I7M7I2M1D8M17I3M3I1M2D16M2D8M14D8M1D20M3I2M2D3M2D1M11I3M16I5M2D5M6D2M4I2M1I14M2I8M	3.5.2.3	4.1.99.19	188	False
O66990	Q9S498	45	0.129	339	0.2442	0.2562	0.2562	2M2I2M3D1M3D6M1D12M5I3M2D7M6I8M4I9M1I1M1I1M1D2M11D4M4I9M14I7M7I2M1D8M17I3M3I1M2D12M1D6M1D6M14D7M1D21M3I2M2D3M2D1M11I3M16I5M2D5M6D2M4I2M1I17M2I5M	3.5.2.3	4.1.99.19	185	False
O66990	P94494	63	0.122	302	0.2789	0.2697	0.2697	11M1D2M3I23M1I2M10I3M1I11M1D5M1I15M7I3M5I19M2D5M10I4M2I13M4I12M1D4M1D2M1D5M9D4M4D9M3D5M1I3M1D5M15I4M16I8M5D4M3D6M3I4M	3.5.2.3	5.1.1.1	191	False
O66990	P33121	28	0.14	385	0.2066	0.07979	0.07979	1M5I9M8D18M1D2M26D15M2I8M3I7M4I6M4I2M5D11M5I3M3D4M4I12M16I7M8D6M20D2M1I7M3D10M4D6M3D4M1I8M1D5M20D20M11D2M11D4M4I6M1I7M3D12M1D3M	3.5.2.3	6.2.1.3	207	False
O70589	O70589	7817	1.0	926	1.0	1.0	1.0	926M	2.7.11.1	2.7.11.1	926	True
O70589	P50582	322	0.166	468	0.5445	0.4123	0.4123	24M32D13M3I4M3I45M5I8M1I5M1I29M1I6M1I11M26D7M10D18M1D33M39D5M13D10M5I33M38I13M3D22M	2.7.11.1	2.7.11.1	286	True
O70589	P54759	301	0.17	423	0.5322	0.2224	0.2224	29M1D10M5I7M3D44M1I9M2I36M3I13M9D10M6I33M1D9M1D10M1I4M5I4M3D26M2I6M6I5M29I4M8D11M5D8M2I7M2D4M3D14M1I21M	2.7.11.1	2.7.10.1	324	False
O70589	P29476	74	0.121	271	0.5141	0.05725	0.05725	5M6D25M2D2M1I57M29D27M3I14M12I8M2I6M20I52M	2.7.11.1	1.14.13.39	196	False
O70589	P29475	432	0.129	271	0.4986	0.05702	0.05702	5M6D25M2D2M1I49M2D6M27D29M3I14M12I8M2I6M7I5M8I52M	2.7.11.1	1.14.13.39	201	False
O70589	Q9HBU6	86	0.12	375	0.3027	0.2228	0.2228	8M1I19M1D9M9I7M3D8M1D16M4I11M5D2M4D2M1D4M9D12M1D2M1D3M22D5M4D8M5D13M3I3M1D11M2D6M10I10M2D6M7D2M2I1M5I6M12I7M1D9M5I16M3I5M2I4M3I8M1I4M1D17M	2.7.11.1	2.7.1.82	244	False
O70589	P70313	62	0.146	178	0.3943	0.03786	0.03786	45M6I13M2D8M6D8M4D4M5I7M11D32M14I13M	2.7.11.1	1.14.13.39	130	False
O70589	P30181	60	0.131	281	0.3253	0.02481	0.02481	7M5D12M1D9M1D13M3I9M2D3M1I4M6I7M23I2M21I7M2D39M11I8M3I8M4I3M2D2M4I4M3D18M6I28M	2.7.11.1	5.99.1.2	183	False
O70589	P00347	59	0.116	698	0.3091	0.06062	0.06062	10M9D15M2I4M7D18M2I17M4D6M2D6M5I12M1I7M14D6M2I6M5I5M2D6M3D2M23D16M33D1M2D9M2I4M18D23M8I5M5I6M7I10M15I9M4D6M9I1M16D15M2D28M15I7M4I3M21I8M28I18M6I5M7I7M11I8M19I8M3I14M3D2M1D2M1I4M5I5M2D3M1D6M5I11M	2.7.11.1	1.1.1.34	364	False
O70589	P29473	55	0.13	184	0.3799	0.0294	0.0294	44M9I19M14D8M4D4M4I14M6D4M5D1M1I20M14I13M	2.7.11.1	1.14.13.39	127	False
O70589	P04035	51	0.112	702	0.2925	0.05652	0.05652	10M9D21M5D18M17D3M2D5M9D3M1I5M4D8M5D3M16D11M3D9M10I4M3I4M1I4M2D7M1I13M7D28M10D2M25D16M18I6M5I12M3D2M15I8M1D6M20D1M10I13M1D13M3I13M38I5M6I11M1I4M21I16M1D2M4I8M7I7M15I8M16I8M2I14M3D2M13I4M10D4M1D5M5I7M	2.7.11.1	1.1.1.34	353	False
O70589	P29474	48	0.141	184	0.358	0.02843	0.02843	5M6D24M5D15M3D3M3I4M5D2M4D5M2D3M2D10M5I9M16I4M1I10M4D8M14D3M2I7M	2.7.11.1	1.14.13.39	112	False
O70589	P70496	47	0.121	156	0.3974	0.0174	0.0174	19M2D27M3I9M8D15M18I15M21I19M	2.7.11.1	3.1.4.4	104	False
O70589	P17425	39	0.091	328	0.3645	0.05862	0.05862	11M8D12M6I9M1D17M5I8M10D10M33D3M2I1M2I6M2I11M11I6M11D13M3I12M14I12M24I5M2I6M3I3M8I38M	2.7.11.1	2.3.3.10	183	False
O70589	P49753	36	0.111	268	0.3133	0.04751	0.04751	10M1D37M10I8M8D4M26D10M8I9M10D4M2D5M1I5M14I1M3D7M2I6M10D5M9I1M4D2M1D4M7D3M13D7M2D9M	2.7.11.1	3.1.2.2	137	False
O70589	P53730	30	0.129	332	0.2435	0.07226	0.07226	7M5D2M3D11M1D3M2I10M7I6M3D11M3D2M15I3M6I9M12D17M4D9M6D7M5I25M4I9M1D6M9I8M7I10M10D9M1I10M21D11M1I3M1I9M3I5M	2.7.11.1	2.4.1.260	202	False
O70589	P31350	28	0.1	536	0.2225	0.08931	0.08931	3M2I17M9I5M13I34M3D1M7I12M5I11M1I3M2I4M3D7M3I3M26I7M6I1M9D5M6D2M5D20M14I10M3D8M8I22M2I6M5I6M6I10M3I11M18I3M2I4M3D7M4D7M4I9M3D7M1I9M11I13M5I3M1I12M2D6M12D8M1D32M	2.7.11.1	1.17.4.1	328	False
P00183	P00183	3624	1.0	415	1.0	1.0	1.0	415M	1.14.15.1	1.14.15.1	415	True
P00183	P93147	401	0.152	473	0.533	0.6176	0.6176	10M2I1M5I23M1I5M1D23M1D8M3I5M4D42M1D9M5D7M1I12M1D2M3D3M7D21M19D23M2D12M1I4M2D40M4D8M14D15M1D1M1D46M1D4M4D25M1I3M2I2M2D11M2D10M4D3M	1.14.15.1	1.14.13.89	378	False
P00183	P93149	366	0.137	503	0.5068	0.5776	0.5776	12M7I6M1D21M1I9M1D16M1D7M3I10M3D21M1D23M2D6M2D10M1I9M1D7M4I8M15D11M7D17M6D3M8D7M3D58M8D4M10D6M3D5M2I44M8D6M8D25M4I2M3D4M1D2M10D15M1D4M	1.14.15.1	1.14.13.87	378	False
P00347	P00347	7040	1.0	887	1.0	1.0	1.0	887M	1.1.1.34	1.1.1.34	887	True
P00347	P04035	4924	0.93	888	0.9457	0.6558	0.6558	428M1D459M	1.1.1.34	1.1.1.34	887	True
P00347	Q59468	1830	0.399	413	0.8533	0.9606	0.9606	24M1I18M2I18M1I21M4D63M2I59M1I73M1I39M3I41M1I41M	1.1.1.34	1.1.1.34	397	True
P00347	P30181	86	0.172	191	0.5694	0.03276	0.03276	19M2I10M10I5M27I24M5D4M3D12M15D46M1I8M	1.1.1.34	5.99.1.2	128	False
P00347	P11157	67	0.123	413	0.362	0.2057	0.2057	30M7D6M2D12M1I12M6D9M2D5M1D23M1D15M2D1M1I8M1I10M1I4M13D2M1D6M3D38M7I13M12I10M1D19M5I10M33I7M6D19M5D43M	1.1.1.34	1.17.4.1	302	False
P00347	P29476	62	0.105	438	0.3929	0.03269	0.03269	31M10I4M9I8M3I47M3D42M27D4M3D6M7D12M6I5M1D11M8I4M6I8M8I10M1D7M9D8M9I4M4D1M8I4M1D19M1D8M5D5M3D7M10I6M10D13M6D6M	1.1.1.34	1.14.13.39	280	False
P00347	P29475	58	0.114	715	0.3303	0.04128	0.04128	13M2D11M3D7M10I5M11I3M7I8M4D31M1D24M5D24M21D4M9D6M1D8M13I39M8I10M1D7M8D2M13I2M5D4M4D1M8I4M1D19M1D8M5D5M3D7M10I6M24I2M10I12M5I2M2I4M16I3M5I5M2D4M7D3M1D15M2I2M2I5M10I1M3D2M26I4M4D3M4I5M2D7M2I3M8D8M2I8M4I22M1D7M6D9M1I3M6I9M	1.1.1.34	1.14.13.39	406	False
P00347	O70589	48	0.133	465	0.3635	0.0451	0.0451	2M2I4M1D4M2D3M16I10M5I17M2I4M1D3M1I18M6I5M8I19M2D5M2D4M2D6M5D6M2I5M3I2M23I16M33I1M2I6M2D7M18I21M10D5M13D5M3I11M14D14M19I24M1D20M9I11M	1.1.1.34	2.7.11.1	258	False
P00347	P29473	48	0.128	328	0.375	0.03366	0.03366	13M1I27M7I28M5D5M12D10M3I10M7D2M2I13M3I6M5D7M2I8M8I10M1D7M8D2M3I5M5I7M9I9M2D12M5D9M5D5M3D5M11D5M3D13M	1.1.1.34	1.14.13.39	218	False
P00347	P53730	47	0.152	471	0.2814	0.1012	0.1012	8M13D2M1I5M6D3M15D5M3D17M4I2M10I3M5D22M11D18M16D4M1D5M11I9M5D7M9D3M1D29M5I10M5I11M5D5M10D3M5D5M3I15M4D20M3D13M2I7M11I4M16I12M4I12M1D5M12D10M	1.1.1.34	2.4.1.260	274	False
P00347	P70313	46	0.124	345	0.3813	0.03314	0.03314	13M1I27M7I2M3I24M15D1M23D19M13I2M2I6M4I10M2D3M2I8M8I10M1D6M8D3M14I6D6M9I9M6D12M1D9M5D5M3D7M14D16M	1.1.1.34	1.14.13.39	198	False
P00347	Q9HBU6	42	0.114	604	0.2821	0.09448	0.09448	12M3I22M1D20M5I5M9I8M5I7M11I11M3I5M18D22M2D3M27I8M4I10M4D4M31I2M1D3M1D6M4D8M7I5M1I3M7I9M1I11M9D12M18D11M1I4M2D8M1I9M14I2M2D6M7D7M4I11M2D5M5D12M8I7M7I6M8I4M11I6M8D6M1D5M8I9M2I21M2I4M	1.1.1.34	2.7.1.82	339	False
P00347	P29474	42	0.137	328	0.3314	0.03202	0.03202	14M3I25M2I20M7I7M5D5M12D10M3I10M2D3M2I1M5D11M3I6M5D7M6I6M4I12M1D6M8D3M3I5M5I7M9I9M6D13M1D6M7D4M6D9M6D4M3D11M	1.1.1.34	1.14.13.39	214	False
P00347	P05793	41	0.143	342	0.2894	0.07818	0.07818	5M3D8M1D18M3I2M2I8M12I3M3D6M3I2M4D2M1I12M7D9M6I24M16D4M1I2M5D7M2I18M2D8M5I4M5D23M2I14M15I10M12I5M2I5M2I10M2D17M	1.1.1.34	1.1.1.86	226	True
P00347	P50582	37	0.12	473	0.2906	0.06358	0.06358	20M7D2M8D10M2D3M8I6M1I11M46D4M3I10M30D6M5I8M1I4M1D3M6I7M1D4M1I7M7I4M8I4M3I2M6I8M6I4M6D4M9D2M2D24M2I6M2D3M4I12M3D4M13I19M5I3M11I10M5I4M2D6M7I6M1I21M	1.1.1.34	2.7.11.1	251	False
P00347	P31350	374	0.128	414	0.3503	0.2047	0.2047	15M2I10M7D3M1D5M2D13M1I12M6D9M2D5M1D23M1D15M2D1M1I8M1I10M1I4M13D2M1D6M3D36M7I15M12I10M1D19M5I10M33I7M6D19M5D43M	1.1.1.34	1.17.4.1	300	False
P00347	P70496	48	0.081	354	0.3593	0.0411	0.0411	24M1I12M2D8M19I18M5I10M2I24M1D7M5I3M1I8M8I4M4D10M8I7M2D3M14D5M1I8M19I5M1D12M2I5M1D4M6I9M9I9M12D14M5I9M2I6M	1.1.1.34	3.1.4.4	224	False
P00347	P12530	44	0.13	398	0.2705	0.08666	0.08666	6M7I3M1I9M1I8M4I5M2I10M3D9M5D9M5D1M15D1M2D3M1D3M3D6M1D8M3I4M9I3M3I5M1I6M3D5M2D14M2D5M8D4M5D3M12D3M1D13M1D6M13I14M7D2M3D9M4D13M2I6M7I9M6I6M12I13M4I16M	1.1.1.34	1.13.11.33	240	False
P00347	P17425	43	0.096	456	0.3318	0.07997	0.07997	3M3D14M1D28M4D10M17D10M1I10M2I4M2D2M1I5M4I8M9I4M1I12M2D9M9I3M11I4M9I17M31D7M4D9M1I16M2I3M3I4M2I10M12I4M7D2M17I2M14I2M14I7M7I29M6I22M	1.1.1.34	2.3.3.10	260	False
P00347	P16050	40	0.088	395	0.2713	0.07561	0.07561	35M3I3M6D2M10I9M5D9M4D2M17D4M2D2M2D11M1I9M9I3M3I5M1I6M3D12M4I8M16D7M1D6M3D7M2D9M7D4M7I15M5D8M4D4M5D13M5I2M11I15M10I21M5I13M	1.1.1.34	1.13.11.33	244	False
P00459	P00459	2471	1.0	290	1.0	1.0	1.0	290M	1.18.6.1	1.18.6.1	290	True
P00459	P94494	42	0.153	208	0.2409	0.1489	0.1489	14M2D8M1D6M12I10M7I3M4I10M3I4M1I9M9D10M4I7M2I2M2I2M2D11M4D10M5D17M3I24M	1.18.6.1	5.1.1.1	147	False
P00459	P33121	37	0.083	263	0.2352	0.08773	0.08773	18M6D5M16I12M46I4M4I6M1I6M4I6M5D8M3I12M2D4M6I3M4I6M23I13M11I1M5D9M2I5M3I4M	1.18.6.1	6.2.1.3	122	False
P00669	P00669	1246	1.0	150	1.0	1.0	1.0	150M	3.1.27.5	3.1.27.5	150	True
P00669	P07998	890	0.723	152	0.955	0.8157	0.8157	3M1D16M1D131M	3.1.27.5	3.1.27.5	150	True
P00730	P00730	3673	1.0	419	1.0	1.0	1.0	419M	3.4.17.1	3.4.17.1	419	True
P00730	P13376	36	0.11	263	0.1993	0.1469	0.1469	10M2D2M1D6M1I2M7I9M44I2M23I9M1I13M1D3M1I6M1D9M5I8M9D10M12I7M12I5M1I14M3I6M3I2M2I11M	3.4.17.1	5.3.1.9	134	False
P04035	P04035	7034	1.0	888	1.0	1.0	1.0	888M	1.1.1.34	1.1.1.34	888	True
P04035	P00347	4900	0.93	888	0.9272	0.6565	0.6565	428M1I459M	1.1.1.34	1.1.1.34	887	True
P04035	Q59468	1708	0.4	414	0.8331	0.949	0.949	25M1I11M1D12M3I11M1I21M4D63M2I59M1I73M1I39M3I41M1I41M	1.1.1.34	1.1.1.34	396	True
P04035	P30181	79	0.162	185	0.461	0.03009	0.03009	4M5D27M10I2M32I7M9D17M2D7M1I28M1I21M1I2M1I8M	1.1.1.34	5.99.1.2	123	False
P04035	Q9HBU6	69	0.155	129	0.5382	0.06315	0.06315	12M3I22M1D38M24D6M3D8M4D8M	1.1.1.34	2.7.1.82	94	False
P04035	P11157	68	0.13	423	0.3462	0.2082	0.2082	30M7D6M2D12M1I12M6D9M2D5M1D23M1D15M2D1M1I8M1I10M1I4M13D2M1D6M3D38M7I13M12I10M1D19M5I10M33I7M6D19M5D14M6I8M4I21M	1.1.1.34	1.17.4.1	302	False
P04035	P29476	60	0.1	416	0.359	0.03049	0.03049	31M10I4M9I5M6I50M2D38M27D7M6D4M1D9M13I13M3I6M5D5M1D14M10I13M9D5M2D1M11I4M4I1M4D2M3I22M1D8M5D5M3D5M5D1M6D3M2D12M	1.1.1.34	1.14.13.39	268	False
P04035	P29475	51	0.119	731	0.276	0.04152	0.04152	14M1D12M3D2M5D4M6I8M11I3M7I8M4D31M7D41M28D4M8D7M1I17M12I6M2D8M7I4M1D5M3I3M5I12M2I7M8D2M13I2M5D4M4D1M8I4M1D19M1D5M7D3M7I3M11I1M16I5M3I7M2D3M8I12M25I4M2D3M5I5M2D4M7D3M1D15M2I2M2I5M10I1M3D2M26I4M4D3M4I5M2D7M2I3M8D8M2I8M4I22M1D7M6D9M1I3M6I9M	1.1.1.34	1.14.13.39	399	False
P04035	O70589	47	0.12	464	0.3306	0.04906	0.04906	2M2I4M1D4M2D3M16I10M5I17M2I4M1D3M1I18M6I5M8I19M2D5M2D4M2D6M5D6M2I5M3I2M23I16M33I1M2I6M2D7M18I21M20D5M3D5M3I11M14D14M19I41M8I15M	1.1.1.34	2.7.11.1	259	False
P04035	P53730	45	0.145	466	0.2723	0.09975	0.09975	8M13D2M1I5M6D3M15D5M3D17M4I2M10I3M5D22M11D18M16D4M4D9M3I3M1I8M3D3M4D6M2I29M5I10M5I11M5D5M10D3M5D5M3I15M4D20M3D13M2I7M21I3M6I13M4I12M1D5M12D10M	1.1.1.34	2.4.1.260	279	False
P04035	P05793	39	0.146	342	0.28	0.07733	0.07733	5M3D8M1D18M3I2M2I8M12I3M3D6M3I2M4D2M1I12M7D9M6I24M16D4M1I2M5D7M2I18M2D8M5I4M5D23M2I14M9I3M6I7M12I5M2I5M2I10M2D17M	1.1.1.34	1.1.1.86	226	True
P04035	P29474	39	0.134	341	0.2985	0.03654	0.03654	38M4I31M6D4M3D16M3I10M2D3M2I1M5D11M3I6M5D7M6I6M1I13M2I6M8D3M3I5M5I6M4I1M5I9M6D13M1D8M5D5M3D7M10I7M4D14M5I10M	1.1.1.34	1.14.13.39	240	False
P04035	P50582	37	0.117	477	0.2798	0.06155	0.06155	20M7D2M8D10M2D3M8I6M1I11M46D4M3I10M30D6M5I8M1I4M1D3M6I7M1D4M1I7M7I4M8I4M3I2M6I8M6I4M6D4M9D2M2D24M2I6M2D3M4I10M2I21M8I7M5I3M11I10M5I4M2D6M10I11M5I16M	1.1.1.34	2.7.11.1	254	False
P04035	P70313	37	0.117	623	0.2818	0.0475	0.0475	23M1D28M2D14M6D3M11D9M4D11M1D11M13I2M2I6M4I10M2D3M2I6M5I7M3I5M1D6M8D3M14I6D5M4I1M5I9M6D12M1D9M5D5M3D7M10I5M27I3M7I11M6I5M8I6M14I4M1I1M1D6M10D6M4I3M24I5M3I4M6I2M5I2M5D4M2D5M2I5M2D8M2D3M4D12M1D4M1I1M6I21M1D7M6D9M1I3M6I9M	1.1.1.34	1.14.13.39	349	False
P04035	P29473	33	0.125	614	0.2468	0.04013	0.04013	15M1I46M1I4M2I7M1D4M9D3M4D12M15D12M3I6M5D7M2I6M5I8M2I12M8D2M3I5M5I6M4I1M5I9M2D12M5D9M5D5M3D7M10I5M27I3M7I11M6I5M8I6M14I4M1I1M1D4M10D8M4I3M24I3M10I9M4I1M5D4M4D3M4I4M2D5M9I2M6D3M3D13M3I14M3D8M1D7M6D3M4I7M3I11M	1.1.1.34	1.14.13.39	345	False
P04035	P31350	371	0.13	422	0.3372	0.2119	0.2119	27M5D3M1D5M2D13M1I12M6D9M2D5M1D23M1D15M2D1M1I8M1I10M1I4M13D2M1D6M3D36M7I15M12I10M1D19M5I10M33I7M6D19M5D14M6I6M4I23M	1.1.1.34	1.17.4.1	302	False
P04035	P17425	45	0.086	428	0.3115	0.07225	0.07225	15M1D15M4I9M8D10M17D7M5I7M4D2M2I4M5I8M2D7M9I10M1D16M9I2M7I11M13I8M31D10M4D9M1I16M2I4M3I3M2I15M5D8M1D8M38I19M1I25M1I4M	1.1.1.34	2.3.3.10	252	False
P04035	P12530	44	0.104	393	0.2722	0.07446	0.07446	36M2D1M1D6M10I9M5D2M2D8M18D1M1D4M5D8M2D2M7D1M10D7M8D11M5D19M12I5M1I18M1I12M1D6M13I14M7D2M3D9M4D13M2I6M7I9M6I6M12I13M4I16M	1.1.1.34	1.13.11.33	244	False
P04035	P70496	38	0.107	373	0.3695	0.02951	0.02951	22M10I2M31I34M10D4M9D11M4D22M1I12M2D4M10D8M6I5M2I4M11I5M3I1M13D10M2D8M4D6M4I11M6I9M9I9M12D15M13I9M	1.1.1.34	3.1.4.4	211	False
P04035	P16050	37	0.148	357	0.2361	0.07079	0.07079	4M14D6M7D2M1D6M4D9M5I2M16I7M12D3M1I8M1D12M6D9M1D18M6D3M2I3M1I13M1I22M2I5M5D8M1I2M7I6M10D12M8I1M3D10M11I5M11D1M6I17M2D19M	1.1.1.34	1.13.11.33	213	False
P05050	P05050	2023	1.0	216	1.0	1.0	1.0	216M	1.14.11.33	1.14.11.33	216	True
Q57764	Q57764	1503	1.0	165	1.0	1.0	1.0	165M	4.1.1.19	4.1.1.19	165	True
Q58194	Q58194	2991	1.0	358	1.0	1.0	1.0	358M	1.12.98.2	1.12.98.2	358	True
Q58194	P32440	2078	0.649	348	0.9446	0.9629	0.9629	54M1I14M2I17M1I100M6D153M	1.12.98.2	1.12.98.2	338	True
Q58194	Q02394	1898	0.594	355	0.9245	0.9229	0.9229	53M1I15M1I6M5D48M4D202M2D18M	1.12.98.2	1.12.98.2	342	True
Q58194	P05793	142	0.129	371	0.4841	0.2598	0.2598	8M13I2M18I9M3I9M12I3M3I7M14I8M16I7M1I18M1I23M7I8M3D13M1I2M12D2M2I4M1D5M1D14M4D14M9D2M7I16M1I41M3D7M4I13M	1.12.98.2	1.1.1.86	235	False
Q58194	Q9K3J3	55	0.129	217	0.2956	0.2139	0.2139	6M8I11M16I6M4I10M10I6M7I2M1I2M1I8M4I5M5I6M9I19M8D7M3D17M2D5M1D3M1D7M2I8M3D4M	1.12.98.2	1.1.1.37	132	False
Q58194	P0AGE9	62	0.242	107	0.2836	0.1945	0.1945	6M2I3M3I14M2D10M1I14M1D2M3I2M1D11M3D8M5I8M4D4M	1.12.98.2	6.2.1.5	82	False
Q58194	P08164	30	0.11	280	0.2725	0.1119	0.1119	12M4I6M1I10M9D8M1I6M11I3M1I3M1I23M9I8M8I10M3D2M6D12M15D6M17D11M8D8M7D10M1I5M9D9M8D9M	1.12.98.2	6.3.1.5	161	False
Q59468	Q59468	3462	1.0	403	1.0	1.0	1.0	403M	1.1.1.34	1.1.1.34	403	True
Q59468	P00347	1812	0.399	413	0.8741	0.4411	0.4411	24M1D18M2D18M1D21M4I63M2D59M1D73M1D39M3D41M1D41M	1.1.1.34	1.1.1.34	397	True
Q59468	P04035	1708	0.402	415	0.8663	0.4377	0.4377	25M1D14M4D2M2I17M1D21M4I63M2D59M1D73M1D39M3D41M1D41M	1.1.1.34	1.1.1.34	395	True
Q96529	Q96529	4197	1.0	490	1.0	1.0	1.0	490M	6.3.4.4	6.3.4.4	490	True
Q96529	P29476	62	0.166	72	0.5926	0.02058	0.02058	7M1D10M5D13M1I35M	6.3.4.4	1.14.13.39	65	False
Q96529	Q9HBU6	39	0.138	339	0.3319	0.09753	0.09753	11M1D29M1D4M4D18M11D4M2I10M7D15M8I2D11M9D2M6D12M4D2M17I11M2I1M9I4M3D2M23D9M14I4M2D4M5I7M6I9M9D25M	6.3.4.4	2.7.1.82	194	False
Q96529	P30181	101	0.13	46	0.8124	0.03165	0.03165	41M1D4M	6.3.4.4	5.99.1.2	45	False
Q96529	P29475	99	0.105	76	0.5749	0.02786	0.02786	7M1D8M5D15M4D36M	6.3.4.4	1.14.13.39	66	False
Q96529	P70313	96	0.17	47	0.7295	0.02741	0.02741	3M1I21M1D14M1D6M	6.3.4.4	1.14.13.39	44	False
Q96529	P29474	73	0.2	45	0.7648	0.02412	0.02412	4M1D40M	6.3.4.4	1.14.13.39	44	False
Q96529	P29473	69	0.148	47	0.7021	0.02104	0.02104	3M1I21M3D19M	6.3.4.4	1.14.13.39	43	False
Q96529	P49753	46	0.117	136	0.4404	0.05478	0.05478	17M3D32M15I8M6D6M6D2M16I10M1D14M	6.3.4.4	3.1.2.2	89	False
Q99895	Q99895	2518	1.0	268	1.0	1.0	1.0	268M	3.4.21.2	3.4.21.2	268	True
Q9HBU6	Q9HBU6	3646	1.0	452	1.0	1.0	1.0	452M	2.7.1.82	2.7.1.82	452	True
Q9HBU6	P54759	55	0.11	460	0.3375	0.114	0.114	33M1D33M5D27M1D33M2I5M1I4M1D7M5D7M1D3M3D14M3D5M2D25M60I13M1I9M17I10M5D9M14D20M4D6M1I5M12D11M12I30M	2.7.1.82	2.7.10.1	309	False
Q9HBU6	P50582	53	0.081	469	0.2824	0.205	0.205	16M7D6M2D9M7D10M2D7M1D14M7D2M10D5M14D9M4I4M1D17M2D9M4D11M1I4M1I10M20I3M2I4M23I8M8I2M4I30M13D9M3I3M7D7M2I4M13D3M8D14M2D12M1I7M7D6M9I10M12D17M	2.7.1.82	2.7.11.1	272	False
Q9HBU6	O70589	139	0.107	380	0.3163	0.1265	0.1265	5M1D4M1D20M1I8M9D7M6I9M2D13M4D13M3D2M5D14M18I8M10I4M32I13M1D5M1D14M3I3M9D3M3D2M3I8M7I14M2D12M1I7M7D2M4D5M3I6M5I16M2D4M8D3M1D4M	2.7.1.82	2.7.11.1	228	False
Q9HBU6	P29473	96	0.22	68	0.6219	0.0215	0.0215	12M3I25M1D27M	2.7.1.82	1.14.13.39	64	False
Q9HBU6	P70313	94	0.26	69	0.6368	0.02357	0.02357	12M3I20M2I6M1D8M2I15M	2.7.1.82	1.14.13.39	61	False
Q9HBU6	P49753	85	0.164	67	0.722	0.05717	0.05717	29M5I9M4I20M	2.7.1.82	3.1.2.2	58	False
Q9HBU6	P29474	85	0.242	66	0.6186	0.0232	0.0232	12M3D32M1I18M	2.7.1.82	1.14.13.39	62	False
Q9HBU6	P70496	81	0.116	137	0.5237	0.0404	0.0404	92M17D28M	2.7.1.82	3.1.4.4	120	False
Q9HBU6	P29476	63	0.111	367	0.3188	0.03025	0.03025	65M4I16M6I6M2D25M8I1M11D9M10D9M5I8M15D3M5I8M17I8M6I5M1D7M2D18M10I9M8I3M7D10M4D7M4I12M4I9M	2.7.1.82	1.14.13.39	238	False
Q9HBU6	P29475	59	0.122	359	0.3168	0.0321	0.0321	6M1I53M2D25M7I9M3D14M14I6M2I16M5D6M34D6M5I7M3D1M14I2M2I8M6I3M3D22M1I13M4I6M10I10M4D7M4I9M4D2M	2.7.1.82	1.14.13.39	231	False
Q9HBU6	P30181	51	0.108	720	0.263	0.05161	0.05161	6M2D12M1I12M1I36M13I10M6D8M1I9M7D12M8I2M5D15M8D2M2I3M6D9M5I3M2I6M3D7M1D4M9D5M77D4M33D2M10D4M15D1M2D5M10I4M7D5M1I6M4I4M11I6M3I11M10I13M1D3M7D4M5D4M1D7M8I3M3D10M5D4M1D3M1I1M2I8M15D6M3D5M21D17M3D5M5D26M1I3M10D6M1D23M	2.7.1.82	5.99.1.2	364	False
Q9HBU6	P11157	50	0.111	494	0.3027	0.1313	0.1313	16M7I5M1I13M2D20M6I10M9D4M1I19M3I12M19I3M23I6M18I3M4I4M1D30M4I4M15D13M3D12M3I6M1D4M4I1M8I2M22I4M1I6M4I2M3D3M3I2M13D6M5D39M18D14M3D16M2I9M	2.7.1.82	1.17.4.1	288	False
Q9HBU6	P00347	48	0.103	589	0.276	0.05977	0.05977	12M3D22M1I28M30I19M12D5M30D6M13D7M1D6M14D8M4D8M5D4M14D1M3D5M5D2M1I3M1I4M6D29M5D5M1D8M12I3M1I8M14D7M5D9M13D4M3D18M5I9M4D7M12D4M1D11M8I3M5D9M2D5M7D7M5I8M5I6M2I2M1I7M1I3M5I10M1I6M	2.7.1.82	1.1.1.34	328	False
Q9HBU6	Q96529	45	0.141	325	0.3432	0.1097	0.1097	22M3I40M11I4M2D10M7I15M2I4D1M7I6M2I13M2I9M14D8M1I8M2D1M9D4M3I2M13I7M6D8M1D3M14D5M3I3M5I11M9I25M	2.7.1.82	6.3.4.4	205	False
Q9HBU6	P04035	43	0.101	618	0.303	0.05335	0.05335	12M3D20M1I34M8D4M9D5M14D10M3D3M14D2M20D2M13D4M1D1M1D4M4D5M1D9M2D10M1I5M5I12M3I1M8I3M3I7M6D28M5D5M1D8M12I3M1I8M3I2M8I9M4D5M8I5M1D10M12D9M7I10M2I3M7D4M5I3M3I10M2I8M17D5M8D7M4D10M1I17M6I6M1D2M5I4M6I19M7D9M	2.7.1.82	1.1.1.34	362	False
Q9HBU6	P31350	41	0.114	498	0.2715	0.1005	0.1005	9M2I5M5D15M2D15M17I14M17D2M1D12M3I12M19I3M10I3M2D3M2I8M3I1M31I12M20D9M9I17M3D13M3I6M1D4M4I1M8I2M22I4M1I6M4I2M3D3M3I2M13D3M2I10M7D30M18D14M3D3M4D13M	2.7.1.82	1.17.4.1	256	False
Q9HBU6	Q59468	68	0.088	428	0.2036	0.1077	0.1077	10M1D5M8D9M2D8M1I7M5I12M1I1M10I3M3I8M4D27M5D2M1D11M12I3M1I8M14I8M6D5M8I5M1D10M12D9M7I10M2I3M6D4M3I3M5I10M2I8M2I2M24D8M4D10M1I9M2D18M19I20M	2.7.1.82	1.1.1.34	256	False
Q9K3J3	Q9K3J3	2902	1.0	329	1.0	1.0	1.0	329M	1.1.1.37	1.1.1.37	329	True
Q9K3J3	Q58194	49	0.129	348	0.2669	0.2051	0.2051	6M8D12M16D6M3D5M1D4M10D6M4D5M5D13M8D2M1I2M1D1M10D18M8I5M3I19M2I5M1I3M1I7M2D8M3I4M31I5M7D8M6I8M3D4M8D7M15D13M2I13M	1.1.1.37	1.12.98.2	189	False
Q9K3J3	P31116	45	0.136	441	0.2374	0.2059	0.2059	13M1I13M2I6M3I2M3D4M10D13M8D4M1D2M4D1M1I3M15I8M12I13M7I4M6I5M6D11M13D2M4I12M4I2M6I4M1D8M11D6M8I6M1D11M13D5M4I11M16D5M13D6M1I3M4I8M13D4M2D6M1I6M2D15M3I11M1I8M	1.1.1.37	1.1.1.3	241	True
Q9K3J3	P32440	191	0.108	349	0.2729	0.2094	0.2094	6M8D12M16D7M4D3M1I4M8D6M4D5M4D12M8D7M10D18M8I6M3I18M2I5M1I3M1I12M8D3M3I4M31I5M7D8M6I12M11D7M15D13M2I12M	1.1.1.37	1.12.98.2	188	False
Q9K3J3	Q02394	181	0.105	360	0.2717	0.2073	0.2073	2M1I9M8D11M16D7M3D9M9D5M9D6M5D13M8D6M14D18M8I5M3I19M2I5M1I3M1I7M2D8M3I4M31I5M7D8M6I8M3D4M8D7M15D13M2I13M	1.1.1.37	1.12.98.2	195	False
Q9K3J3	P05793	71	0.1	288	0.2822	0.1772	0.1772	6M1I5M6I4M1D11M2I8M3D8M9I7M1I13M8I4M4I19M2I3M5I5M2I5M1I4M1I6M3D3M2D5M4I5M12I4M2I6M1D3M2I17M10D8M9D1M10D5M2I12M3I5M	1.1.1.37	1.1.1.86	182	True
Q9K3J3	Q02971	68	0.119	134	0.3174	0.1797	0.1797	2M1D7M2D6M2I6M6I23M10I10M2D6M1D12M4I6M12I2M3I11M	1.1.1.37	1.1.1.195	91	True
Q9S498	Q9S498	3350	1.0	377	1.0	1.0	1.0	377M	4.1.99.19	4.1.99.19	377	True
Q9S498	P30140	3039	0.893	375	0.9872	0.9923	0.9923	375M	4.1.99.19	4.1.99.19	375	True
Q9S498	P94494	57	0.124	338	0.2631	0.249	0.249	2M1I24M35I1M3I5M12I8M2I11M4I15M1D4M14I1M2D2M8I13M3I5M3I3M5I1M1I20M1I10M3I15M2I3M6D11M16D5M13D3M5D7M2I3M2I5M1I3M7D6M	4.1.99.19	5.1.1.1	186	False
Q9S498	P31434	55	0.127	344	0.2433	0.1555	0.1555	10M2I1M1D4M5D7M15I6M3I19M1D1M1I11M2D3M1I1M6D12M4D8M1D4M2D6M15I4M4D5M2D5M6D3M6D1M3I6M3D9M2I3M11D9M1D1M1D8M1D7M3D10M4I1M8D3M2I21M1D2M1D9M5D7M6D8M	4.1.99.19	3.2.1.177	215	False
Q9S498	O66990	46	0.119	334	0.2384	0.2341	0.2341	2M2D2M3I1M3I9M3D5M1D8M2I7M6D8M4D9M1D1M1D5M1I3M7I12M14D7M7D2M1I8M17D3M3D1M2I12M1I6M1I6M14I7M1I21M3D3M2I2M2I1M11D3M16D5M2I5M6I1M4D3M1D17M2D5M	4.1.99.19	3.5.2.3	190	False
Q9S498	P33121	42	0.108	324	0.2418	0.107	0.107	7M4I9M11I5M5I4M2I20M4D2M4D10M4I4M6I5M2D2M3D17M1D11M14I8M2I5M2I3M2D12M13I13M5I3M10D4M2I5M8D5M11D17M5D5M1I8M2D7M4D6M	4.1.99.19	6.2.1.3	197	False
Q9S498	P0AGE9	51	0.113	334	0.2519	0.2233	0.2233	6M14I6M10I10M1I10M5D12M3I6M1D10M1D21M15I22M3I2M12D6M1I5M13D8M3I7M1I2M1D9M5I4M5I14M2D11M4D5M2I11M1D3M4I16M4D5M1I11M	4.1.99.19	6.2.1.5	222	False
Q9S498	Q9Y924	48	0.117	256	0.2421	0.1709	0.1709	10M6D3M3D9M6I4M7I5M11D7M1D10M9D13M1I4M2D2M3I7M2I12M2D6M1I4M4D9M25D20M1D6M1D5M3I2M14I16M	4.1.99.19	6.1.1.2	154	False
Q9S498	P13129	42	0.076	339	0.2216	0.0995	0.0995	14M1D5M12I6M9I18M2D1M4D11M5I5M27I3M1D4M3D12M18I18M8I2M5I9M2D5M3I3M2I3M8D1M5D8M9D4M22D6M1D5M6D2M2D1M3I6M2I6M2D6M4D9M	4.1.99.19	1.13.12.7	173	False
Q9S498	P13376	30	0.088	405	0.1923	0.1032	0.1032	2M2I2M6I7M3D15M2I4M1D19M1I11M6I2M21I12M10D1M1I4M2I28M2I3M6D4M5D5M6D18M4D3M1D7M1D10M10D4M10I1M8D7M1D4M3D10M4I2M1D5M10I2M7I11M1D2M11D1M21D6M10D16M	4.1.99.19	5.3.1.9	228	False
Q9UZ14	Q9UZ14	5548	1.0	625	1.0	1.0	1.0	625M	6.1.1.3	6.1.1.3	625	True
Q9Y924	Q9Y924	3186	1.0	372	1.0	1.0	1.0	372M	6.1.1.2	6.1.1.2	372	True
Q9Y924	P31663	70	0.161	298	0.2996	0.3655	0.3655	15M1I3M2I13M3I15M1D7M7I25M7D6M11I19M1D5M1I4M1I11M2I23M2I4M3I16M16I5M3I3M6I5M6I4M4I4M6I28M	6.1.1.2	6.3.2.1	215	False
P29476	P29476	12257	1.0	1429	1.0	1.0	1.0	1429M	1.14.13.39	1.14.13.39	1429	True
P29476	P29475	9410	0.935	1434	0.9391	0.7653	0.7653	179M5D1250M	1.14.13.39	1.14.13.39	1429	True
P29476	P29474	6391	0.561	1221	0.8913	0.8892	0.8892	10M5I21M11I12M2I12M5I51M2D3M1I379M4I98M2D10M1D10M7D10M7I81M2I124M1I350M	1.14.13.39	1.14.13.39	1171	True
P29476	P29473	6034	0.567	1206	0.8838	0.7808	0.7808	36M1D25M4D46M2D2M1I366M3I6M1D7M2I97M3D20M7D10M7I81M4I6M2D111M1I355M	1.14.13.39	1.14.13.39	1168	True
P29476	P70313	5440	0.566	1200	0.8621	0.7248	0.7248	37M1I24M3D50M1D378M4I105M3D14M1I4M8D10M7I76M2I122M1I349M	1.14.13.39	1.14.13.39	1169	True
P29476	O70589	112	0.155	148	0.5441	0.0939	0.0939	36M2I2M1D59M6I42M	1.14.13.39	2.7.11.1	139	False
P29476	P30181	121	0.15	512	0.4473	0.03668	0.03668	14M6I7M8D10M20I3M13I3M9I3M18I46M23D29M3D5M1D13M12I31M5D14M13D10M6D5M6D16M5D9M4D2M7D2M1D5M13I11M3I5M3I7M1I5M5D2M11D5M2I1M1I8M1D3M13D13M6I6M	1.14.13.39	5.99.1.2	293	False
P29476	P49753	103	0.138	65	0.6642	0.04924	0.04924	65M	1.14.13.39	3.1.2.2	65	False
P29476	P00347	96	0.141	317	0.5	0.04159	0.04159	16M4I4M13I4M4I5M5I3M10D3M4I3M18D9M7I41M3I38M21I3M3I2M6I5M7I9M8I10M6I2M14I7M2D6M6I6M	1.14.13.39	1.1.1.34	176	False
P29476	P04035	90	0.115	268	0.4611	0.04086	0.04086	39M5D7M1D1M17D18M5I55M1I7M22I3M12I21M8I3M6I9M14I7M2D5M	1.14.13.39	1.1.1.34	175	False
P29476	P70496	73	0.12	215	0.5145	0.03035	0.03035	6M1I5M9D4M3D23M2D26M14I19M4D8M6I46M11D8M9D3M3D5M	1.14.13.39	3.1.4.4	153	False
P29476	Q96529	68	0.176	51	0.6073	0.03794	0.03794	12M6I13M1I19M	1.14.13.39	6.3.4.4	44	False
P29476	Q9HBU6	63	0.108	349	0.4204	0.07844	0.07844	42M2D17M3D25M3D18M3I6M14D13M5I13M16I5M5I1M3D1M7I4M3D2M16D3M1D2M13D3M4D1M3D5M2I4M14I9M11D2M3D10M1D4M7I9M4I7M	1.14.13.39	2.7.1.82	206	False
P29476	P17425	60	0.171	105	0.5127	0.044	0.044	7M15I1M4I3M1I5M1I15M8D20M4I21M	1.14.13.39	2.3.3.10	72	False
P29476	P54759	43	0.105	495	0.4139	0.05624	0.05624	9M1I4M13D4M7I4M1D10M14I5M3I3M17I6M3D18M5D19M2D8M13D3M24D10M17D8M1D3M6I48M20I9M1I20M2I10M9D16M4I3M4D5M1I7M4D2M7I8M5D7M2D6M9D3M7D7M13D10M1D4M	1.14.13.39	2.7.10.1	279	False
P29476	P31350	42	0.102	264	0.3232	0.08067	0.08067	13M5D26M7D8M3I7M10I3M5I8M3D8M12D26M1D15M18D34M2I7M1I2M5D7M5I23M	1.14.13.39	1.17.4.1	187	False
P29476	P11157	32	0.101	275	0.2989	0.07245	0.07245	27M6I11M15D13M6I4M5I4M4I2M3I4M3I6M6D2M7D7M12D9M1D13M11D12M4D6M2D6M2D9M3I7M1I2M5D7M5I23M	1.14.13.39	1.17.4.1	174	False
P30140	P30140	3342	1.0	377	1.0	1.0	1.0	377M	4.1.99.19	4.1.99.19	377	True
P30140	Q9S498	3042	0.888	377	0.9875	0.9971	0.9971	377M	4.1.99.19	4.1.99.19	377	True
P30140	P94494	53	0.12	340	0.2488	0.2442	0.2442	2M1I25M1I1M6I2M1I3M15I5M27I2M2I11M4I16M1D3M14I1M2D2M8I13M3I6M8I3M1D6M2I13M1I10M3I15M2I3M6D11M16D5M13D3M5D7M2I3M2I5M1I3M7D7M	4.1.99.19	5.1.1.1	186	False
P30140	P31434	49	0.115	345	0.2489	0.1597	0.1597	10M2I1M1D4M7D5M1D2M15I3M6I19M1I1M1D11M11D25M1D5M1I6M12I5M4D5M2D5M6D3M6D1M3I6M3D9M2I3M11D9M1D1M1D8M2D3M1I3M3D10M4I1M8D3M2I21M1D2M1D9M5D7M6D8M	4.1.99.19	3.2.1.177	214	False
P30140	O66990	46	0.13	336	0.2378	0.2325	0.2325	2M1I5M3I6M6D6M2I8M2I7M6D8M4D8M4D2M3I6M7I12M14D7M7D2M1I8M17D3M3D1M2I17M2I7M14I8M1I20M3D3M2I2M2I1M11D3M16D5M2I5M6I1M4D3M1D17M2D5M	4.1.99.19	3.5.2.3	188	False
P30140	P33121	43	0.115	320	0.2447	0.1114	0.1114	7M4I9M11I5M5I4M2I20M4D3M5D14M6I27M1D10M3I6M13I8M2I3M2D12M9I6M4I7M5I3M10D4M2I5M8D5M11D17M5D5M1I8M2D7M4D6M	4.1.99.19	6.2.1.3	201	False
P30140	P13376	35	0.129	279	0.2064	0.1171	0.1171	23M18I1M2D4M5D3M9I9M1D8M1D2M1I5M5I11M6D7M1D6M2D14M17I4M22I11M2I4M3I8M2D6M2D4M2D11M6D5M4D5M3I12M1I1M	4.1.99.19	5.3.1.9	164	False
P30140	P13129	49	0.083	337	0.239	0.1141	0.1141	15M6I7M12I4M9I18M4D2M3D11M5I11M1I9M27I1M7I3M7I19M8I3M5I12M1D6M4D8M5D8M9D6M23D9M6D2M2D1M3I6M2I6M2D6M4D9M	4.1.99.19	1.13.12.7	182	False
P30140	P0AGE9	48	0.123	340	0.2449	0.2235	0.2235	6M14I6M9I6M1I4M1I10M5D3M3I2M3D6M3I4M1D10M1D19M4I1M11I23M3I2M12D7M3I3M16D5M4I8M1I2M1D9M5I4M5I14M2D11M4D5M2I11M1D3M4I16M4D5M1I11M	4.1.99.19	6.2.1.5	216	False
P30140	P70313	47	0.092	250	0.2307	0.07198	0.07198	4M1D4M1I5M6D26M2I20M4I19M2D1M2I1M8D4M1D2M7D17M9D7M13D10M1D6M4I20M3D2M1I9M10I18M	4.1.99.19	1.14.13.39	175	False
P30140	P29474	45	0.068	247	0.2309	0.07088	0.07088	8M8D9M2I14M2I13M2D4M2I5M1D8M5I6M2D1M2I3M11D6M6D6M5D5M6D11M10D10M1D6M4I20M3D1M11I28M	4.1.99.19	1.14.13.39	164	False
P30140	P31663	44	0.093	225	0.2549	0.1866	0.1866	11M3D9M2D3M7I2M2I5M3D11M15D4M1D17M3I14M16D18M1D10M10I18M3I6M3D4M1I6M3D7M2I5M	4.1.99.19	6.3.2.1	150	False
P30140	Q02971	44	0.092	206	0.2472	0.1549	0.1549	12M4D5M1I4M2I2M4I18M2I9M1D10M1I3M24I7M2D9M3D4M8I3M10I3M3D13M7D3M8D4M4I13M	4.1.99.19	1.1.1.195	122	False
P30140	Q9Y924	44	0.121	255	0.2347	0.1516	0.1516	7M9D14M6I10M4D4M1D20M9D13M1I4M2D2M3I6M2I3M7I9M8D5M4D9M25D20M1D6M1D5M15I2M2I16M	4.1.99.19	6.1.1.2	155	False
P30140	P09347	42	0.115	233	0.2341	0.1662	0.1662	9M1I5M1D2M1D6M3D1M4D9M1D2M2I3M4I11M1D5M1I2M1I25M19I5M1D5M3D8M2I1M7I9M5I2M2D7M4I1M2I2M1D16M10I21M	4.1.99.19	1.1.1.327	157	False
P30140	P29473	42	0.08	272	0.2218	0.07208	0.07208	4M2D5M1I7M3D5M5D3M2I14M2I10M1D6M1I7M1D8M5I6M2D1M2I3M11D6M6D9M1D3M10D10M10D10M1D6M4I20M3D2M1I9M10I18M6I10M	4.1.99.19	1.14.13.39	182	False
P30181	P30181	6183	1.0	916	1.0	1.0	1.0	916M	5.99.1.2	5.99.1.2	916	True
P30181	P29475	113	0.141	418	0.5605	0.02363	0.02363	24M3I14M1I23M1D22M1I15M4D4M4I8M16I27M13I22M3I14M15I18M2D31M8I5M13I1M5I15M9I1M2D7M4I3M10I12M14I6M2D5M4D7M	5.99.1.2	1.14.13.39	284	False
P30181	P29476	101	0.143	396	0.519	0.03107	0.03107	9M11D31M9I35M3I6M1I12M12D48M16I18M7I11M5I4M1I11M11I3M12D7M9D17M9I2M2D7M4I3M10I7M1I3M13I8M2D5M4D7M	5.99.1.2	1.14.13.39	254	False
P30181	P70496	95	0.215	139	0.6033	0.02794	0.02794	2M1I61M1D55M5I14M	5.99.1.2	3.1.4.4	132	False
P30181	P00347	93	0.172	191	0.646	0.03311	0.03311	19M2D10M10D5M27D24M5I5M3I11M15I55M	5.99.1.2	1.1.1.34	129	False
P30181	P04035	86	0.152	184	0.6571	0.03173	0.03173	4M5I28M42D8M9I19M1I34M1D21M1D2M1D8M	5.99.1.2	1.1.1.34	124	False
P30181	P70313	83	0.172	122	0.5976	0.03202	0.03202	35M1D31M3I10M10D4M2D3M2D21M	5.99.1.2	1.14.13.39	104	False
P30181	P29473	76	0.178	146	0.6475	0.02283	0.02283	12M2I34M16I15M1D10M18D19M2D3M4I10M	5.99.1.2	1.14.13.39	103	False
P30181	P49753	70	0.205	78	0.6473	0.03346	0.03346	10M3I29M4I13M11I8M	5.99.1.2	3.1.2.2	60	False
P30181	O70589	56	0.174	270	0.6025	0.03401	0.03401	12M1D26M1D5M1D4M1D8M2D12M3D20M2D4M3D2M9D48M1D16M1D8M6I1M3D28M23D6M3I10M	5.99.1.2	2.7.11.1	210	False
P30181	P29474	45	0.142	204	0.3687	0.0219	0.0219	37M1D26M4I4M1I5M13D10M1D6M5D6M2D6M5I3M11I4M2D13M13I13M6D7M	5.99.1.2	1.14.13.39	140	False
P30181	Q9HBU6	44	0.142	638	0.2758	0.09184	0.09184	30M21I13M9I23M11I4M6I16D2M2D6M5I7M2D5M4I2M15I6M5I6M4I2M19I3M5I7M16I3M3D9M5D2M2I6M12I2M1I4M4D3M5I2M15D6M8I3M15I1M2I8M1I7M1D8M2D6M1D2M10D11M7D8M8D2M1I2M3D8M8I7M4I8M2I3M8D3M3I10M5I3M1I4M1D1M2D9M1D2M2D12M3D3M1D3M2D14M9D8M4D5M1D13M3D5M	5.99.1.2	2.7.1.82	332	False
P30711	P30711	1998	1.0	240	1.0	1.0	1.0	240M	2.5.1.18	2.5.1.18	240	True
P31116	P31116	3140	1.0	359	1.0	1.0	1.0	359M	1.1.1.3	1.1.1.3	359	True
P31116	Q9K3J3	52	0.146	430	0.2584	0.2431	0.2431	13M1D13M3D10M1I4M9I11M6D6M2D3M3I6M2I4M1D10M10D13M7D4M6D5M6I11M13I2M4D12M4D2M6D4M1I8M11I6M8D6M1I11M13I5M4D11M16I5M13I7M1D2M4D8M13I5M2I5M1D6M2I15M3D11M1D8M	1.1.1.3	1.1.1.37	252	True
P31116	P05793	47	0.114	437	0.2316	0.14	0.14	5M3I27M11I19M1I4M4I9M3I21M24D6M7D5M3I3M26D5M5I4M3D3M3D12M1D9M12I7M2D2M6I7M11D10M2I6M1D5M2D10M15I6M3I7M2D21M11I3M10I5M17I21M4I3M	1.1.1.3	1.1.1.86	245	True
P31350	P31350	2977	1.0	389	1.0	1.0	1.0	389M	1.17.4.1	1.17.4.1	389	True
P31350	P11157	2357	0.912	390	0.9183	0.8892	0.8892	62M1D327M	1.17.4.1	1.17.4.1	389	True
P31350	P00347	45	0.11	460	0.2412	0.07678	0.07678	5M1D9M3I7M8I8M2I13M32I17M1D8M11I4M1I20M3D7M13I5M5I16M18D22M3D17M6D3M2D4M10D3M12D18M5D10M33D7M6I20M2I15M12D22M3D8M	1.17.4.1	1.1.1.34	268	False
P31350	P04035	243	0.104	458	0.2425	0.07551	0.07551	5M1D9M3I7M8I8M2I13M32I17M1D8M11I4M1I20M3D7M13I5M5I16M18D22M3D17M6D3M2D5M10D2M12D18M5D10M33D7M6I20M2I15M12D24M1D6M	1.17.4.1	1.1.1.34	268	False
P31350	P50582	45	0.12	582	0.2435	0.08184	0.08184	10M1D30M9D9M2D5M7D5M14D3M2I13M2I1M6D4M14D7M2I8M4I8M26D7M7I8M2D11M3D2M3I5M4D5M6D3M19D9M8I1M7D3M1D2M16D5M3I5M1D3M3I5M10I15M4D5M10I2M6D9M5I3M15D7M11D9M1I5M3I5M10I8M2I3M1D7M2D4M1D5M8D9M5D6M2D12M1D22M	1.17.4.1	2.7.11.1	313	False
P31434	P31434	7553	1.0	772	1.0	1.0	1.0	772M	3.2.1.177	3.2.1.177	772	True
P31434	Q9S498	50	0.12	350	0.2285	0.2361	0.2361	10M2D1M1I4M5I9M1D4M17D19M1I1M1D12M15I6M1D3M2D3M1D8M1I4M2I6M15D4M4I6M15I8M4D5M3I9M2D3M11I9M1I1M1I8M1I7M3I10M4D5M1D2M7I19M4I5M2I6M3D4M10I8M	3.2.1.177	4.1.99.19	209	False
P31434	P30140	285	0.114	350	0.228	0.2353	0.2353	10M2D1M1I4M5I9M1D4M17D19M1D1M1I12M15I6M1D3M2D3M1D8M1I4M2I6M15D4M4I6M15I8M4D5M3I9M2D3M11I9M1I1M1I8M1I7M3I10M4D5M1D2M7I19M4I5M2I6M3D4M10I8M	3.2.1.177	4.1.99.19	209	False
P31663	P31663	2422	1.0	283	1.0	1.0	1.0	283M	6.3.2.1	6.3.2.1	283	True
P31663	Q9Y924	77	0.161	298	0.3578	0.2952	0.2952	15M1D3M2D13M3D15M1I7M7D25M7I6M11D19M1I5M1D4M1D11M2D23M2D4M3D16M16D5M3D3M6D5M6D4M4D4M6D28M	6.3.2.1	6.1.1.2	215	False
P31663	P08164	49	0.101	277	0.2691	0.253	0.253	7M3I24M5D9M2D7M2I11M9I23M9I6M5D7M1D6M2D12M3I3M2D3M4D3M12D2M4D13M7I1M5D8M4D8M1D2M10I3M3I13M5I8M	6.3.2.1	6.3.1.5	179	False
P31663	P33121	40	0.109	182	0.2849	0.07631	0.07631	8M1D11M3D9M5D7M5I7M1I4M14I22M25I11M3I4M2I8M4D3M10I6M1D8M	6.3.2.1	6.2.1.3	108	False
P31663	P29473	37	0.107	326	0.2383	0.06361	0.06361	7M2D17M1I10M3I4M3I4M14I7M10D7M11I4M1I6M4D3M1D2M2D3M11D10M9D4M1I5M9D5M2I9M2I15M3I7M5I1M4I4M2I13M1I7M1I4M7D7M26D6M7I13M	6.3.2.1	1.14.13.39	184	False
P31663	P29475	37	0.112	338	0.2176	0.05759	0.05759	5M3I14M1D20M1D4M16I10M6I7M10D7M9D4M2D4M10D21M1D1M10I5M1D9M1D3M4D9M2I5M2D4M1I6M4I5M5I4M1D2M1I2M6I21M7D8M26D6M7I15M	6.3.2.1	1.14.13.39	201	False
P31663	P70313	36	0.115	337	0.2292	0.06194	0.06194	7M4D2M1D16M2D14M14I8M1I4M5I7M10D7M11I8M3D6M5D4M9D11M9D4M1I4M3D16M1D2M1D13M1D5M10I8M1I13M6I11M7D8M23D2M1D5M5I18M	6.3.2.1	1.14.13.39	203	False
P31663	Q9S498	34	0.095	262	0.2441	0.1253	0.1253	14M3D10M17D4M6D15M1D7M2D3M2D7M8I4M5I4M1D8M6D8M8D3M5I6M2D8M9D5M17D2M8D4M1I7M1D5M11D2M2D21M	6.3.2.1	4.1.99.19	147	False
P31663	P29474	205	0.097	340	0.2249	0.06441	0.06441	4M1I4M5D8M3D18M1I7M14I6M1I4M5I7M10D7M11I8M3D6M1D2M2D3M11D10M9D5M1D7M1D5M4D9M2I15M3I7M6I4M1I7M4I7M2I10M7D8M23D2M1D5M5I18M	6.3.2.1	1.14.13.39	203	False
P31663	P29476	195	0.1	340	0.2245	0.05797	0.05797	6M3I14M1D20M1D4M16I10M6I7M10D7M9D4M2D5M10D20M1D1M10I5M1D7M1D5M4D9M2I5M2D4M1I6M4I5M5I4M6I26M7D8M26D5M7I18M	6.3.2.1	1.14.13.39	205	False
P31663	P30140	120	0.091	262	0.2432	0.1249	0.1249	14M3D10M17D4M6D15M1D7M2D3M2D7M8I4M5I4M1D8M6D8M8D3M5I6M2D8M9D5M17D2M8D4M1I7M1D5M11D2M2D21M	6.3.2.1	4.1.99.19	147	False
P31663	Q02971	43	0.097	257	0.2717	0.1567	0.1567	8M2D10M1I3M2D3M2I15M5I7M12I12M18I2M7I5M11I2M1I11M4D8M4I2M20D7M1D6M8I8M17I15M6D12M	6.3.2.1	1.1.1.195	136	False
P31663	P13129	42	0.12	391	0.268	0.08531	0.08531	20M5I4M8D6M3D10M3D14M1I4M11D24M8D10M3D9M7D7M3D2M9D3M20D3M1I10M2D2M1D2M3D4M1I7M1D11M1I7M1I1M3I3M5I14M8D16M9D17M25D3M8D3M3I15M1I6M	6.3.2.1	1.13.12.7	237	False
P31663	Q38707	36	0.12	248	0.2601	0.1332	0.1332	2M1D10M2D10M1I3M2D3M2I16M3D6M3I18M2D12M8I4M19I3M7I8M1D4M3D5M2D3M5I2M2I10M8I8M17I15M6D12M	6.3.2.1	1.1.1.255	154	False
P31663	P94494	35	0.072	373	0.2165	0.1207	0.1207	14M3D8M3I6M2I2M2D10M4D3M4I6M1D9M6D18M1I3M6D4M2D7M3D7M2I4M3D12M1D2M6I15M9D13M3D5M1I5M1I3M19I3M6I5M8D13M6I3M13D6M4D3M8I8M4D6M19D4M5D2M1I1M2D5M	6.3.2.1	5.1.1.1	215	False
P31663	P00459	33	0.096	312	0.2392	0.133	0.133	4M4D8M1D14M4I2M1D6M11D8M8D2M9D9M1I8M6I11M5D8M7I7M16I7M2I4M6I10M1D14M1D2M4D5M5D7M9D6M8D5M4I11M3D13M11D6M5I3M	6.3.2.1	1.18.6.1	180	False
P32440	P32440	2870	1.0	344	1.0	1.0	1.0	344M	1.12.98.2	1.12.98.2	344	True
P32440	Q58194	2077	0.649	348	0.9487	0.9256	0.9256	54M1D14M2D17M1D100M6I153M	1.12.98.2	1.12.98.2	338	True
P32440	Q02394	1785	0.561	356	0.9065	0.8855	0.8855	68M1D5M5D11M1D36M4D68M6I134M2D15M	1.12.98.2	1.12.98.2	337	True
P32440	P05793	119	0.134	372	0.4736	0.2564	0.2564	8M13I2M18I10M1I4M1D5M27I17M17I6M1I18M1I22M3I13M7I11M14D3M5I4M1D5M1D16M5D1M1D7M4D4M3D2M7I16M1I41M3D7M4I12M	1.12.98.2	1.1.1.86	234	False
P32440	Q9K3J3	57	0.118	220	0.2835	0.2083	0.2083	6M8I11M16I7M3I1M1D3M1I4M8I6M4I12M8I5M5I6M9I19M8D7M3D17M2D5M1D3M1D7M8I8M3D4M	1.12.98.2	1.1.1.37	131	False
P33121	P33121	6202	1.0	698	1.0	1.0	1.0	698M	6.2.1.3	6.2.1.3	698	True
P33121	P13129	1036	0.203	638	0.5757	0.8031	0.8031	10M4D4M1D9M1D11M1D8M3I26M2I66M3I14M3D2M10I4M5I10M6D6M3D37M1D7M2I29M1D29M28I3M6I9M7I29M1D111M1I26M2D5M1D9M10I6M10I9M5I10M1D7M1D4M7I12M	6.2.1.3	1.13.12.7	512	False
P33121	Q02971	85	0.121	173	0.3632	0.2054	0.2054	14M1I9M1I26M2I10M13D3M6D6M4D5M2I3M9I2M4D7M6D11M3I5M8D7M1D5M	6.2.1.3	1.1.1.195	113	False
P33121	P09347	77	0.138	195	0.3392	0.2212	0.2212	4M2D2M8I2M2D13M3D15M2I15M1D4M16D2M4D12M4D11M1I11M3I4M1D7M8D8M3I9M8D10M	6.2.1.3	1.1.1.327	129	False
P33121	Q38707	76	0.121	173	0.3424	0.1868	0.1868	14M1I24M1I10M2D11M6D2M3D3M6D9M6D5M12I2M3D6M6D11M4I4M9D7M1D5M	6.2.1.3	1.1.1.255	113	False
P33121	P0AGE9	52	0.104	374	0.2757	0.248	0.248	6M1D16M2D2M1D2M12D4M2I5M3I11M2D14M4I9M1D5M4D14M16I2M7D1M1I3M6I7M9I2M5I1M9I4M1I8M2D10M5I3M4D3M1D1M3D5M2I5M4D11M4D2M24I15M22I5M4D3M17D12M1I4M	6.2.1.3	6.2.1.5	195	True
P33121	P30140	47	0.104	316	0.2431	0.1718	0.1718	18M11D2M6D6M1D13M4I8M5I12M6D30M1I11M16D25M2D1M4D4M3D6M4D7M5D3M10I4M3D3M6I4M3I2M11I14M1I3M5I5M2D7M2I5M6I1M2D3M	6.2.1.3	4.1.99.19	197	False
P33121	Q9S498	45	0.097	350	0.2365	0.1623	0.1623	18M11D2M6D6M1D5M2I8M2I8M4I10M4D5M6D4M2I2M3I17M1I11M16D25M2D1M4D4M7D13M5D3M10I10M3I4M3I2M10I9M1I5M1I3M5I5M2D8M6I10M19D5M3D8M	6.2.1.3	4.1.99.19	211	False
P33121	P29475	35	0.143	363	0.1837	0.05179	0.05179	10M8I7M7D5M7D13M1D5M23D2M15D6M1D3M2D3M5I8M5I3M8D10M2D9M4I17M1D6M2D6M1D9M6I7M2D1M7D3M5I7M7I2M9I9M3D7M4D9M15D5M1D7M2I2M8D13M4D4M	6.2.1.3	1.14.13.39	198	False
P33121	P29476	153	0.136	365	0.1835	0.05185	0.05185	12M8I7M7D5M7D13M1D6M38D7M1D3M2D3M5I8M5I3M8D10M2D9M4I17M1D6M2D6M1D9M6I7M2D1M7D3M5I7M7I2M9I9M3D7M4D9M15D5M1D7M2I2M8D13M4D4M	6.2.1.3	1.14.13.39	200	False
P33121	P29473	103	0.094	370	0.1898	0.06607	0.06607	12M8I11M14D14M1D6M38D7M1D3M8I5M4D23M2D6M4I20M1D4M2D7M1D8M6I7M2D1M7D3M5I7M7I3M4D3M8I6M1D7M11D9M8D5M1D7M2I2M8D14M2D6M1I2M4I1M	6.2.1.3	1.14.13.39	209	False
P33121	P70313	100	0.099	372	0.2203	0.0807	0.0807	11M8I11M14D14M1D6M23D1M15D6M1D3M6D1M7I8M5I1M2D16M2I26M1D11M3D7M6I8M2D1M7D3M4D6M17D2M1D7M1I13M10I5M10I1M3D5M1D7M2I2M8D14M2D6M1I2M4I1M	6.2.1.3	1.14.13.39	205	False
P33121	P29474	96	0.1	367	0.1885	0.06621	0.06621	11M8I11M14D14M1D6M23D1M15D6M1D5M1I13M5I1M2D13M2D7M4I19M1D4M2D7M1D9M6I7M2D1M7D3M5I7M7I3M4D3M8I6M1D7M11D9M8D5M1D7M2I2M8D14M2D6M1I2M4I1M	6.2.1.3	1.14.13.39	210	False
P33121	P13376	51	0.068	425	0.2522	0.2123	0.2123	12M3I10M5I19M5D3M3D6M2D16M2D9M1D2M7D11M2D4M2D6M1I18M6D5M4D4M2D4M1D2M13D9M19I2M2D13M5I3M2I11M25I8M15I11M9D8M7I6M2I2M18I3M1D8M19D2M7D5M1D6M2D4M	6.2.1.3	5.3.1.9	232	False
P33121	P31663	49	0.09	233	0.2434	0.1903	0.1903	5M3I9M6I5M2D12M1D12M2D2M13D22M29D14M1D10M2D12M3D9M17I1M6I7M6I8M5D9M	6.2.1.3	6.3.2.1	137	False
P33121	P94494	48	0.044	201	0.2599	0.1306	0.1306	14M2I5M1I7M4D9M2I8M1D3M4I5M1I10M1D3M19D5M1I13M1D8M10D15M5D6M17D2M5D8M1D5M	6.2.1.3	5.1.1.1	126	False
P33121	P08164	41	0.053	261	0.2396	0.2057	0.2057	9M6I3M7I13M1D12M5I10M4D11M4D1M1D7M2D7M2D13M2D2M8D4M9D15M8D2M1I5M19D5M9D3M1D2M24D7M3I14M	6.2.1.3	6.3.1.5	145	False
P33121	Q58194	30	0.1	270	0.1844	0.1161	0.1161	15M23I2M6D8M2I4M2I2M2D4M10D5M14D10M4D3M6D5M24D19M6D2M1I7M4D6M4I5M9D2M4D2M1D8M1D5M4D6M1D5M10D7M	6.2.1.3	1.12.98.2	132	False
P81055	P81055	1377	1.0	168	1.0	1.0	1.0	168M	3.4.24.20	3.4.24.20	168	True
P81156	P81156	5452	1.0	587	1.0	1.0	1.0	587M	1.1.3.4	1.1.3.4	587	True
P81156	P13006	4270	0.647	585	0.9773	0.9629	0.9629	89M1D495M	1.1.3.4	1.1.3.4	584	True
P81156	P42535	50	0.079	429	0.2602	0.2254	0.2254	21M1I11M18I8M30I10M7I14M3D6M3D8M48I8M2I5M6I17M2D10M2I10M3I18M1I8M1D7M22I1M3D17M2D4M63I2M6D7M2D12M	1.1.3.4	1.14.13.50	204	False
P81156	P06617	52	0.111	618	0.1976	0.1936	0.1936	12M1D6M2I35M4I2M9I3M7I11M13I11M1D4M1D11M8D2M10I6M12D5M10D10M23D10M4I3M4I1M1I12M3D1M5D8M2D6M5I8M13D3M11D3M3I2M2D3M4D5M3I6M2I6M5I15M3I14M2D4M1D12M13I2M1D11M7D8M6D8M3I4M13D7M5D13M3I2M9I7M2D6M8I7M1I12M10I3M1I2M8D2M4I3M5I8M	1.1.3.4	1.13.12.3	345	False
P93147	P93147	4116	1.0	499	1.0	1.0	1.0	499M	1.14.13.89	1.14.13.89	499	True
P93147	P93149	1468	0.299	528	0.7691	0.8417	0.8417	25M1D7M1D75M1I53M1I26M6I4M8I51M15D25M2D84M1I48M11D43M2D4M7D27M	1.14.13.89	1.14.13.87	472	True
P93147	P00183	380	0.145	481	0.5023	0.7072	0.7072	11M7D23M1D5M1I23M1I8M3D5M4I23M4D2M1I21M9I8M1D12M1I2M3I3M7I21M19I23M2I12M1D4M2I40M4I8M14I15M1I1M1I46M1I4M4I25M1D3M2D2M2I11M2I8M3I10M	1.14.13.89	1.14.15.1	379	False
P93147	P00347	41	0.117	255	0.2283	0.06731	0.06731	13M8I9M4I7M7I6M8D17M7D6M4D7M6I3M1I11M5I2M2I26M7D3M1I5M7I14M2D6M1D11M6D10M7I5M1D10M	1.14.13.89	1.1.1.34	171	False
P93147	P04035	167	0.117	255	0.2289	0.06692	0.06692	13M8I9M4I7M7I6M8D17M7D6M4D7M6I3M1I11M5I2M2I25M7D4M1I5M7I14M2D6M1D11M6D10M7I5M1D10M	1.14.13.89	1.1.1.34	171	False
P93149	P93149	4389	1.0	523	1.0	1.0	1.0	523M	1.14.13.87	1.14.13.87	523	True
P93149	P93147	1487	0.296	529	0.7574	0.8786	0.8786	25M1I7M1I75M1D53M1I1M2D24M6D4M8D51M15I25M2I84M1D48M11I43M2I4M7I27M	1.14.13.87	1.14.13.89	471	True
P93149	P00183	361	0.139	501	0.4927	0.7246	0.7246	12M7D6M1I21M1D9M1I16M1I7M3D10M3I21M1I23M2I6M2I10M1D9M1I7M4D8M15I15M3I6M1I7M10I2M7I10M3I56M8I4M10I10M1I47M8I6M8I25M4D2M3I4M1I2M10I20M	1.14.13.87	1.14.15.1	381	False
P93149	P05793	34	0.135	398	0.2256	0.08995	0.08995	6M7I10M10I7M2D11M1D10M1D9M5I4M1I3M17I13M8I2M8I9M1D9M1D17M11I3M6I16M3D10M12I4M5I6M5I2M3I9M4D4M1D3M7D2M24I5M5I5M3I11M1D13M5D4M1I7M7I19M	1.14.13.87	1.1.1.86	233	False
P93149	P31350	32	0.111	384	0.21	0.09664	0.09664	6M3D8M3D11M6D3M2D16M3D6M2I2M8I8M2I6M2I25M1D9M14I4M10I5M1D8M6I13M3D14M2D16M4D6M2I3M7D4M12D3M1D5M3D6M18I3M10I9M8D7M13D6M10D5M2D9M	1.14.13.87	1.17.4.1	226	False
P94494	P94494	3544	1.0	394	1.0	1.0	1.0	394M	5.1.1.1	5.1.1.1	394	True
P94494	Q9S498	62	0.094	318	0.3512	0.3294	0.3294	2M1D27M6D5M19D5M3I9M8D7M4D5M2I9M1D14M1D7M19D12M1I9M8I7M7D19M1I4M2D5M2D24M6I3M1D3M5D7M1I7M2D3M2D5M1D3M7I7M	5.1.1.1	4.1.99.19	208	False
P94494	P30140	526	0.091	318	0.3518	0.33	0.33	2M1D27M6D5M19D5M3I9M8D7M4D5M2I9M1D14M1D7M19D12M1I9M8I7M7D19M1I4M2D5M2D24M6I3M1D3M5D7M1I7M2D3M2D5M1D3M7I7M	5.1.1.1	4.1.99.19	208	False
P94494	O66990	61	0.13	237	0.3124	0.2368	0.2368	11M3I1M4D9M1D13M2D2M9D3M1D11M1I8M1I4M8D7M1D3M5D12M1I7M1I5M10D4M2D15M4D10M1I2M3I5M8I8M4I10M3I4M1D3M1I5M	5.1.1.1	3.5.2.3	162	False
P94494	P33121	49	0.092	270	0.2729	0.08881	0.08881	20M3D8M10I4M16I9M3D7M1D8M1D6M1D21M2D7M10I15M5I6M11D11M8D4M7D21M10D3M8I7M7D10M	5.1.1.1	6.2.1.3	167	False
P94494	P0AGE9	41	0.089	312	0.2599	0.1894	0.1894	4M1D6M3I17M33D9M5D12M1I10M5D14M30D4M3D8M25D5M1D4M2D8M7I9M3I14M1I2M5D2M1D8M7D5M8I8M5I10M2D5M	5.1.1.1	6.2.1.5	164	False
P94494	Q38707	38	0.121	205	0.2519	0.1461	0.1461	14M3D7M6I7M2D10M1D6M1I4M2D6M6I5M3D10M1I2M1D3M4D2M1D8M2D2M8I5M7I3M2D5M6I9M2I5M5I6M8I15M	5.1.1.1	1.1.1.255	134	False
P94494	Q9Y924	36	0.112	275	0.2296	0.167	0.167	5M9D2M6I11M8D4M14D11M9D5M3I13M1D12M1I2M12I4M5D2M4D7M5D3M1I4M5D4M2I10M10I3M4D6M1I10M6D9M2I4M1I4M6I16M1I8M	5.1.1.1	6.1.1.2	159	False
P94494	P29473	25	0.119	359	0.1757	0.057	0.057	7M1I6M4I10M5D19M1I8M2D3M10D6M13D6M5I3M11D2M5I8M10I5M10I2M7I6M1I8M1I13M6I6M4D3M1D7M9D6M1D6M5I6M20D4M6D9M6I13M6I7M4I6M2I4M2D3M3I6M	5.1.1.1	1.14.13.39	198	False
P94494	P29474	24	0.119	368	0.1679	0.05498	0.05498	8M1I6M4I10M5D19M1I7M17I6M3I13M10I1M8D8M1D4M9D9M11D8M1I8M1I2M11I5M18I4M2D5M2I4M3D2M16D4M9D11M4I3M4I8D5M19D7M1D4M1I7M4I6M2I3M1I12M	5.1.1.1	1.14.13.39	191	False
P94494	P70313	23	0.1	379	0.1666	0.05153	0.05153	14M4I10M6D1M1I17M1I7M17I5M8D5M20D3M15D8M12I6M8I2M7I6M1I8M1I2M11I7M16I9M2I4M3D2M23D8M2D8M16D5M10D2M1I13M6I7M4I7M4I7M1D6M	5.1.1.1	1.14.13.39	179	False
P94494	P29475	100	0.119	368	0.1971	0.05253	0.05253	19M1I11M4I8M5D20M1I8M17I5M3I14M9I3M1D5M4D5M6D5M2I3M16D7M1I8M1I12M6I10M5D7M9D6M1D6M5I1M9D4M16D5M3D7M1I2M5I13M6I7M4I6M2I3M1I14M	5.1.1.1	1.14.13.39	224	False
P94494	P29476	99	0.117	366	0.2029	0.05279	0.05279	19M1I10M4I9M5D20M1I8M17I5M3I14M9I3M1D5M4D15M20D7M1I8M1I12M6I10M5D7M9D6M1D6M5I2M9D4M13D4M6D7M1I2M5I13M6I7M4I6M2I3M1I14M	5.1.1.1	1.14.13.39	226	False
P94494	Q02971	88	0.088	203	0.2631	0.1415	0.1415	14M3D7M6I7M2D10M1D6M1I5M2D5M6I5M3D10M1I2M1D3M5D14M6I5M7I4M2D4M6I9M1I5M6I6M8I15M	5.1.1.1	1.1.1.195	136	False
P94494	P09347	59	0.107	205	0.2831	0.158	0.158	14M3D1M1D12M2I22M2D13M2I3M1I3M2D9M2D5M4D6M2D10M7I2M4D4M3I4M1D8M3I7M5I6M11I21M	5.1.1.1	1.1.1.327	150	False
P94494	P00459	50	0.111	287	0.2668	0.2419	0.2419	16M2I6M1I5M1I5M10D10M6D2M8D6M14I4M1D4M1D6M4D5M5D3M1I2M5D15M2I13M7I15M3D10M1I4M7I3M2D2M5I9M2I7M3D13M6I2M5D18M	5.1.1.1	1.18.6.1	185	False
P94494	P13376	41	0.085	388	0.2666	0.1212	0.1212	14M1I17M1I7M3D4M9D2M21D6M15D3M6D7M5I6M3D4M2I14M48D14M2I15M4I5M26D11M1D9M1I4M12D2M4D28M6D4M4I11M7I5M4I11M	5.1.1.1	5.3.1.9	203	False
P94494	P08164	35	0.133	285	0.2347	0.146	0.146	17M4I7M1I11M1I3M8I3M3I15M3D4M3D13M1D4M1D15M17I4M5D15M3D4M5I4M17D2M1D10M6I11M15D3M8D1M4I6M12I15M	5.1.1.1	6.3.1.5	167	False
P94494	P13129	34	0.087	514	0.193	0.09781	0.09781	3M1I5M11D18M1D8M24I5M1D3M2I5M2D6M2D15M1D6M2I13M1D6M43D4M1I8M5D2M1I2M2I9M3D2M30D7M4I5M6I9M11D2M6D5M2D2M1I7M4D3M4D6M12D5M7D1M10I6M6I5M3I2M1D5M10I5M2I5M3D5M4D9M2D9M1I9M13I4M5I6M5D9M3D5M	5.1.1.1	1.13.12.7	256	False
P94494	P31663	33	0.075	330	0.2103	0.1329	0.1329	15M2I9M1I17M1I7M1D4M2D9M1I3M5I15M1D7M25D10M3D4M4D8M12I11M1D7M1D18M6D11M5D8M1I3M13I5M8I1M2D2M6I7M10I2M4I8M4D10M4I6M	5.1.1.1	6.3.2.1	207	False
P95607	P95607	2361	1.0	270	1.0	1.0	1.0	270M	1.13.11.1	1.13.11.1	270	True
Q02394	Q02394	3000	1.0	358	1.0	1.0	1.0	358M	1.12.98.2	1.12.98.2	358	True
Q02394	Q58194	1877	0.594	355	0.9105	0.9229	0.9229	53M1D15M1D6M5I48M4I202M2I18M	1.12.98.2	1.12.98.2	342	True
Q02394	P32440	1758	0.558	356	0.8797	0.9177	0.9177	68M1I5M5I11M1I36M4I68M6D132M2I17M	1.12.98.2	1.12.98.2	337	True
Q02394	P05793	113	0.115	391	0.4724	0.255	0.255	12M5I1M26I11M1I4M1D6M25I5M9I11M21I6M1I16M1I23M5I5M2I5M3D12M14D3M5I4M1D5M1D14M4D14M9D2M7I16M1I36M6D12M6I14M	1.12.98.2	1.1.1.86	237	False
Q02394	Q9K3J3	52	0.129	231	0.2973	0.2246	0.2246	5M1D6M8I11M16I7M3I1M1D3M1I4M9I5M9I6M5I7M4I5M5I6M13I22M4D2M7D19M2D5M1D3M1D7M2I8M3D4M	1.12.98.2	1.1.1.37	136	False
Q02394	P08164	35	0.14	220	0.2875	0.115	0.115	11M4I6M1I3M2D9M7D6M1I6M11I3M1I3M1I23M9I8M8I11M1D4M1D12M1D8M7I2M7D6M5I2M3D1M7D4M2D13M	1.12.98.2	6.3.1.5	141	False
Q02971	Q02971	3274	1.0	357	1.0	1.0	1.0	357M	1.1.1.195	1.1.1.195	357	True
Q02971	Q38707	2516	0.678	348	0.9679	0.9487	0.9487	348M	1.1.1.195	1.1.1.255	348	True
Q02971	P09347	630	0.2	375	0.6107	0.7831	0.7831	7M1D3M2I60M7D4M1I12M1I21M1D2M1D6M6I13M1D23M5I9M5D23M1D15M1I14M3D6M5D37M2D37M1D4M5D3M1I20M1I5M	1.1.1.195	1.1.1.327	324	True
Q02971	P05793	86	0.146	109	0.3815	0.1403	0.1403	8M2D11M2I11M5I5M10D5M1I5M5I4M1I12M3D19M	1.1.1.195	1.1.1.86	80	True
Q02971	P33121	78	0.122	179	0.3654	0.1111	0.1111	3M3I12M4D3M3I19M1D10M2D13M13I1M6I9M2I7M9D3M4I5M6I12M3D5M8I7M1I5M	1.1.1.195	6.2.1.3	114	False
Q02971	P31434	22	0.093	341	0.1686	0.06026	0.06026	15M10I2M1D3M3I8M5I21M11I2M2D6M13I7M1I8M10I9M11I2M1D7M7D8M18D7M3D12M12D11M4D10M1D2M5D2M1I8M7D3M4D5M6D12M8D11M1D2M5I8M	1.1.1.195	3.2.1.177	191	False
Q02971	P32440	58	0.1	179	0.3357	0.1821	0.1821	9M1D4M18D6M8D2M5D3M1D7M3I3M15D2M7D1M5D2M23D3M1I4M2I1M2I6M1I11M4D19M	1.1.1.195	1.12.98.2	83	False
Q02971	P13129	56	0.082	182	0.3112	0.1278	0.1278	5M1I14M1I23M1D10M2D12M7I2M12I6M4I1M8D10M4I5M3I6M6I5M15I12M3I4M	1.1.1.195	1.13.12.7	115	False
Q02971	Q02394	47	0.088	193	0.2488	0.1745	0.1745	18M1D4M4I4M11D2M7D6M7D6M3D3M12D9M5I9M1I4M2I2M2I5M1I11M4D19M2D1M8I4M4D4M2D6M	1.1.1.195	1.12.98.2	117	False
Q02971	Q58194	45	0.07	240	0.2492	0.1776	0.1776	7M3D16M2I6M10D2M4D3M11D9M5D2M6D5M1D2M3I4M7I3M1I4M2I1M2I6M1I11M4D19M2D1M8I2M7D13M16D5M3D13M6D2M	1.1.1.195	1.12.98.2	136	False
Q02971	P94494	42	0.125	200	0.2649	0.1468	0.1468	17M1I17M3D7M1D4M2I5M1I10M6D6M3I6M2D1M4I17M5D9M5D3M4I4M8D8M1D5M5D2M7D4M2D15M	1.1.1.195	5.1.1.1	140	False
Q02971	P0AGE9	40	0.115	156	0.2289	0.1625	0.1625	16M1I8M2D8M5D4M3D5M3I4M7I1M1D3M8I7M4D3M1D9M1D5M1I19M3I1M2I21M	1.1.1.195	6.2.1.5	114	False
Q02971	P70313	33	0.097	451	0.2086	0.06925	0.06925	23M2I14M1I4M1I11M1D3M12D1M1I6M2D4M9D4M22D6M16D8M1D3M3D2M15D2M2D2M2D6M12D7M1D4M2I5M7I1M19I7M1D16M5D3M3D8M6D6M3D11M2D6M5D10M8I7M1D2M4I8M4D3M6I1M5D3M1D5M8I8M1D8M5D4M6I14M	1.1.1.195	1.14.13.39	246	False
Q38707	Q38707	3377	1.0	365	1.0	1.0	1.0	365M	1.1.1.255	1.1.1.255	365	True
Q38707	Q02971	2505	0.678	348	0.9592	0.9699	0.9699	348M	1.1.1.255	1.1.1.195	348	True
Q38707	P09347	623	0.21	385	0.6093	0.7743	0.7743	12M1I65M6D12M1I9M2D2M2I7M7I2M3I3M6D13M1D23M5I5M3D3M2D24M1D15M1I9M1D4M2D7M5D12M2I4M2D19M4D4M1I1M1I30M7D9M2I17M1I5M	1.1.1.255	1.1.1.327	316	True
Q38707	P33121	83	0.114	175	0.3763	0.1185	0.1185	3M3I13M1D24M1D11M2D12M13I1M6I7M4I2M5D5M6D3M4I5M4I6M1D13M8I7M1I4M	1.1.1.255	6.2.1.3	116	False
Q38707	P05793	56	0.125	224	0.2955	0.1427	0.1427	15M2D4M2I11M5I5M10D9M7I14M4I2M7D16M8D1M3I5M11D2M3D8M5I4M9D3M2I8M12I6M7I8M2D4M	1.1.1.255	1.1.1.86	125	True
Q38707	P0AGE9	77	0.145	131	0.3758	0.2521	0.2521	8M1D20M1I8M2I9M3I2M3I6M2D9M2I4M5D9M2I3M2D4M7I4M7D8M	1.1.1.255	6.2.1.5	94	False
Q38707	Q9K3J3	74	0.136	139	0.3887	0.2268	0.2268	2M2I6M1D11M1I4M8D10M1I3M1I6M10D9M3I12M1I4M1I2M21D20M	1.1.1.255	1.1.1.37	89	True
Q38707	P13129	71	0.081	123	0.332	0.118	0.118	14M1I23M1I1M2D8M2D10M17I4M2I6M4I3M8D8M4I5M	1.1.1.255	1.13.12.7	82	False
Q38707	Q58194	48	0.077	283	0.3025	0.1794	0.1794	9M19D10M5D4M10D5M13D12M37D8M3I3M3I14M4I1M8D16M2D1M8I2M4D8M3D6M16D19M2I10M7D11M	1.1.1.255	1.12.98.2	139	False
Q38707	P08164	41	0.109	274	0.2561	0.2191	0.2191	2M2D25M3I19M1I3M10D7M2D2M4D17M18D3M3D10M13D2M1I3M1I2M1I2M24D12M6I4M14D11M3I3M11I15M8I7M	1.1.1.255	6.3.1.5	149	False
Q38707	P32440	41	0.109	310	0.2664	0.1978	0.1978	9M2D4M17D6M8D2M5D3M1D6M10D2M11D7M6D3M20D7M3I2M3I13M4I2M8D16M2D1M8I5M5D5M8D6M3D3M10D1M6D13M5I9M7D16M3I4M5I5M	1.1.1.255	1.12.98.2	150	False
Q38707	P94494	41	0.117	222	0.2671	0.1426	0.1426	17M2I5M6D8M2I10M1I7M1I11M6D3M3I10M1D3M1I1M6I3M4D7M5D9M5D3M2I5M6D9M1D5M5D2M7D4M2D15M2D2M1I14M	1.1.1.255	5.1.1.1	153	False
Q38707	Q02394	40	0.082	268	0.2315	0.1666	0.1666	18M11D10M4I2M15D10M3D3M12D9M5I13M3I2M3I14M4I1M8D16M2D1M8I4M4D6M3D6M16D4M3D13M5I9M7D11M	1.1.1.255	1.12.98.2	152	False
Q38707	P70313	34	0.121	287	0.2177	0.05732	0.05732	5M2I5M2D6M9D5M1D2M3D4M2I5M27I12M2D12M5D3M3D7M6D6M3D11M2D6M5D10M12I4M23I10M2I6M3D7M1D9M3I1M3I6M1I16M1I8M	1.1.1.255	1.14.13.39	166	False
Q38707	P29475	29	0.102	342	0.2038	0.04922	0.04922	3M2I3M1I4M7I3M4I3M6D5M2I5M2D6M3D1M5D2M2D4M3D4M2I5M27I12M5D2M1D10M1D2M3D8M6D6M3D11M2D6M5D8M13I5M22I8M2D6M6I6M6D3M3D2M9I8M1D4M2I11M8D6M1I5M	1.1.1.255	1.14.13.39	177	False
Q38707	Q9Y924	26	0.12	265	0.1816	0.1038	0.1038	4M3I8M7D9M5I7M4D2M4D5M1I1M3D19M7D6M11D4M7I4M10I9M25I9M3D2M5I2M7D3M3D3M3I10M10D3M1D8M1D7M4D6M3D7M	1.1.1.255	6.1.1.2	138	False
Q46822	Q46822	1683	1.0	182	1.0	1.0	1.0	182M	5.3.3.2	5.3.3.2	182	True
P42535	P42535	5095	1.0	538	1.0	1.0	1.0	538M	1.14.13.50	1.14.13.50	538	True
P42535	P06617	98	0.086	581	0.3014	0.3184	0.3184	6M4I25M1D8M5D6M9D3M2D14M3I4M1D7M5D5M2I7M67D2M2D9M20D1M26D4M1D5M2I11M7D2M3I18M2I8M2I4M15D8M1D6M3I4M4I9M2D17M2D8M4D7M3D4M1I4M4D19M10D2M3I10M7I7M3I9M4I3M1I11M23I10M5D9M5I13M1I7M	1.14.13.50	1.13.12.3	316	False
P42535	P81156	55	0.096	351	0.2904	0.1933	0.1933	21M1D11M18D8M30D9M7D15M3I6M3I8M48D8M2D5M6D17M2I10M2D10M3D18M1D8M1I7M22D1M3I17M2I5M7I6M	1.14.13.50	1.1.3.4	190	False
P42535	P13006	48	0.115	492	0.251	0.1855	0.1855	21M1D11M7D2M17D5M25D10M2D7M7D12M9D6M14D10M1I5M11D4M9D3M6D17M2I10M2D10M3D17M1D9M13D8M8D1M3I17M2I5M7I9M8D12I6M3D8M16D12M7D6M2I7M3I3M3I4M3D5M5D9M2D19M	1.14.13.50	1.1.3.4	278	False
P49753	P49753	4376	1.0	483	1.0	1.0	1.0	483M	3.1.2.2	3.1.2.2	483	True
P49753	P29475	100	0.153	65	0.7392	0.01853	0.01853	65M	3.1.2.2	1.14.13.39	65	False
P49753	P00347	90	0.18	61	0.7817	0.02184	0.02184	55M1D5M	3.1.2.2	1.1.1.34	60	False
P49753	P29476	87	0.138	65	0.719	0.01961	0.01961	65M	3.1.2.2	1.14.13.39	65	False
P49753	P04035	77	0.125	80	0.6371	0.02643	0.02643	29M8D15M1D8M5D5M5D4M	3.1.2.2	1.1.1.34	61	False
P49753	P29473	77	0.15	73	0.6622	0.01761	0.01761	3M1D8M5D15M2D39M	3.1.2.2	1.14.13.39	65	False
P49753	P30181	74	0.219	73	0.6358	0.0225	0.0225	10M3D29M4D14M4I9M	3.1.2.2	5.99.1.2	62	False
P49753	P70313	74	0.217	69	0.6798	0.02253	0.02253	3M1D8M5D16M1I18M3D14M	3.1.2.2	1.14.13.39	59	False
P49753	P29474	66	0.191	73	0.5938	0.01967	0.01967	3M1D8M5D16M2D17M2I19M	3.1.2.2	1.14.13.39	63	False
P49753	Q9HBU6	53	0.102	185	0.5325	0.0738	0.0738	29M5D32M24D3M43D9M4I9M1D8M12I6M	3.1.2.2	2.7.1.82	96	False
P49753	P54759	51	0.131	197	0.3034	0.07636	0.07636	4M7D5M1D4M3I2M4I12M6D5M1D7M1D9M2D9M4D3M5I3M10I2M18I10M2D4M2D19M4D5M2I4M1I10M4D3M	3.1.2.2	2.7.10.1	120	False
P49753	O70589	38	0.143	160	0.4284	0.02651	0.02651	27M1I14M7I2M11I2M18I6M1D6M16D5M8D9M10I4M2I5M1D5M	3.1.2.2	2.7.11.1	85	False
P50582	P50582	4025	1.0	507	1.0	1.0	1.0	507M	2.7.11.1	2.7.11.1	507	True
P50582	O70589	347	0.177	389	0.5477	0.2329	0.2329	24M32I13M3D4M3D45M5D8M1D5M1D29M1D6M1D11M4I6M24I1M8I18M1I33M39I5M13I10M5D30M	2.7.11.1	2.7.11.1	248	True
P50582	P54759	215	0.127	493	0.5227	0.21	0.21	33M1D2M1D10M17I22M25I4M4I18M3D12M1I35M4D39M1I12M9I4M18I15M6I10M1I37M12I4M38I8M6D8M4I17M2I2M2D11M2D14M3I4M5D7M	2.7.11.1	2.7.10.1	328	False
P50582	Q9HBU6	118	0.087	561	0.356	0.2305	0.2305	27M3I14M18D6M15D15M5D5M1I14M7I2M10I4M9I2M5I7M3I7M3D3M1D21M4I11M5D5M3I7M26D3M22D5M4D3M1D5M4D28M1I2M12I9M3D10M5I6M13I5M10I1M5I8M22I4M6I1M1D6M12I4M8I6M5I20M2D2M6D23M	2.7.11.1	2.7.1.82	301	False
P50582	P11157	49	0.101	562	0.2853	0.1369	0.1369	9M1I31M9I9M2I6M3I8M15I15M12I3M7I24M5I7M13I2M1I7M5D8M3I5M5I7M8I3M2D7M3D2M6I1M20D4M10D6M1I7M1I5M3I6M19I5M7I2M1I6M8D4M7D4M8I8M7I8M4D2M10I7M2D3M1I6M3I9M7D3M2I11M3D6M1D3M7D9M4I25M13I4M2I4M	2.7.11.1	1.17.4.1	311	False
P50582	P00347	39	0.106	470	0.2806	0.05003	0.05003	15M5D1M3I9M9I11M2I6M1D10M46I5M3D10M30I4M6D7M3D8M6D11M4I7M3D2M1D3M11D3M3D2M6D7M4D4M16I6M1D26M1I10M2I4M7D6M3I8M4D22M25D6M5D4M2I6M7D6M1D21M	2.7.11.1	1.1.1.34	250	False
P50582	P04035	36	0.112	487	0.2674	0.04547	0.04547	5M7D21M2D3M12I10M3D4M2I6M1D12M46I3M3D10M30I6M5D5M4D8M5D6M1D5M4I7M7D4M8D4M3D2M6D7M4D4M16I6M1D10M1D6M2D11M1I4M1I3M6D11M1D6M1D22M10D3M11D10M5D4M2I6M10D10M5D17M	2.7.11.1	1.1.1.34	261	False
P50582	P31350	33	0.125	582	0.2917	0.06993	0.06993	10M1I25M8I5M1I11M9I7M27I4M4I9M10I9M6D9M5D2M4I1M3D4M18I3M1I9M3D7M1I5M38I2M8I11M12D9M9D8M17I6M3D4M3D5M3D2M6D10M7D3M1D6M10D8M7I8M4D2M10I7M2D3M1I6M3I9M8I4M2I8M1D9M2I5M4I14M9D9M9I14M2D8M	2.7.11.1	1.17.4.1	300	False
P50582	P30181	25	0.124	539	0.2999	0.02916	0.02916	38M5D8M9I3M5I14M13I16M2I12M9I5M13I6M4I7M7I7M8I1M25I5M18I15M16I9M2D13M7D3M3D2M5I6M16I12M8I6M13I7M5I2M20I5M41I9M2D7M16I17M4D6M5D4M6D7M	2.7.11.1	5.99.1.2	252	False
P50582	P29476	41	0.116	385	0.2664	0.02679	0.02679	43M2D7M1I28M13I8M1D8M2I12M9I4M14I6M4I7M7I6M8I3M47I18M4D2M3I4M6D13M5D11M3I2M1D8M9I17M3I12M5I8M5I6M	2.7.11.1	1.14.13.39	233	False
P50582	P29475	38	0.13	352	0.2566	0.02495	0.02495	49M2D20M1I10M12I8M1D8M2I5M1D9M7I1M17I7M1D12M5I7M2I8M26I7M2D8M6I2M20I18M2D11M3I2M1D8M9I17M3I12M	2.7.11.1	1.14.13.39	229	False
P50582	P29474	37	0.072	277	0.2899	0.02904	0.02904	48M17I10M5D3M1D4M5D5M7I11M1D3M3D8M1D8M9I16M10D4M8D14M12I4D8M21D6M3I10M1I3M3I5M	2.7.11.1	1.14.13.39	166	False
P50582	P70313	27	0.065	667	0.2647	0.04207	0.04207	49M3D2M15I16M5D5M7I11M1D4M2I2M5D9M8I18M24D6M20I5M6D7M3D6M15D19M20D6M4I3M15D4M11D6M3I4D7M5D5M7D3M1I8M32D12M28I7M2I5M24I17M21I10M15I5M5D2M9I12M10D12M20D3M3D8M1D19M	2.7.11.1	1.14.13.39	313	False
P53730	P53730	4400	1.0	551	1.0	1.0	1.0	551M	2.4.1.260	2.4.1.260	551	True
P53730	P00347	39	0.136	470	0.2262	0.07249	0.07249	8M13I8M5I3M15I5M3I17M4D2M10D3M5I22M11I18M16I4M4I4M10D6M6I4M9I1M2D6M2D29M5D9M5D12M5I7M15I23M1I21M3I13M2D7M11D4M16D12M4D12M1I5M12I10M	2.4.1.260	1.1.1.34	275	False
P53730	P04035	35	0.127	581	0.2151	0.06369	0.06369	12M8I5M1D18M4I8M2D7M10I5M16I20M11I18M16I4M4I9M3D3M1D8M9I1M2D6M2D7M6I9M1I6M27I3M9I9M7I6M1I12M2I11M7I6M2D20M3D13M3D13M1I2M10I11M34I6M14I12M9I7M3I2M6D7M3I4M5D3M5D18M1I4M1I3M6I8M	2.4.1.260	1.1.1.34	326	False
P53730	P18054	34	0.098	576	0.2107	0.09409	0.09409	23M1D3M13D3M3D10M9I3M9I6M1I8M5I8M5I5M6D2M4D4M2D5M1I3M4D2M20D11M37D2M23D20M5D4M7I2M1D1M2I37M3I8M2D4M3D9M2I7M3D1M1D18M6I8M1D1M2I16M8D12M6D3M2D5M1D14M27D8M3D5M5D13M1D8M5D6M3I18M2D6M	2.4.1.260	1.13.11.31	332	False
P54759	P54759	8879	1.0	998	1.0	1.0	1.0	998M	2.7.10.1	2.7.10.1	998	True
P54759	O70589	280	0.172	423	0.4828	0.2287	0.2287	29M1I10M5D7M3I44M1D9M2D36M3D13M9I10M6D33M1I9M1I10M1D4M5D4M3I22M21D9M2D6M14D4M8I11M5I8M2D8M5I17M1D21M	2.7.10.1	2.7.11.1	324	False
P54759	P50582	226	0.125	488	0.4831	0.3912	0.3912	35M1D11M14D23M25D4M4D18M3I12M1D35M4I39M1D12M9D4M18D15M6D10M1D37M12D4M38D8M6I8M4D17M2D2M2I31M4I8M	2.7.10.1	2.7.11.1	333	False
P54759	Q9HBU6	62	0.113	474	0.3713	0.2298	0.2298	85M5I28M1I33M2D5M1D4M1I7M5I7M1I3M3I14M3I5M2I25M60D13M1D11M14I8M2D7M6D6M4D21M4I6M1D5M12I11M12D30M	2.7.10.1	2.7.1.82	334	False
P54759	P29476	47	0.095	588	0.2487	0.04374	0.04374	6M3D5M13I4M6D15M5D4M11D1M1D8M2D4M12D22M2I3M5I20M13I4M13I6M6I5M20I7M3D36M2D15M6I31M12I8M3I6M12I5M9I5M16I6M1I11M5I6M13I2M25I5M1I2M2D2M1D18M1D22M3D3M4I14M1I6M3I14M6D4M7I5M	2.7.10.1	1.14.13.39	340	False
P54759	P29475	43	0.089	605	0.2473	0.03726	0.03726	6M3D5M13I3M1D1M5D15M14D5M3D3M2D4M11D5M1D2M2D7M2I11M2I3M5I14M2I4M10I7M17I5M3I8M6I2M11I21M9D16M2I17M7I13M5D21M9I4M6I7M10I5M31I6M1I12M4I6M10I5M24I8M3I5M9I4M4D13M3I1M9D11M1I14M1I6M3I14M6D4M7I5M	2.7.10.1	1.14.13.39	328	False
P54759	P31350	41	0.085	480	0.2613	0.1042	0.1042	14M4D15M1D17M14I16M7D3M3D17M3I12M20I3M8I3M2D18M30I8M8I6M9D3M3D4M1D6M6D3M1I11M9D3M5I5M2I9M1I3M8D6M1D1M1D12M2I14M3D7M4D14M11I6M6D1M1D9M1D12M2I2M2I10M2I5M9D12M	2.7.10.1	1.17.4.1	290	False
P54759	P11157	40	0.093	503	0.2804	0.09313	0.09313	21M4D8M1D21M6I11M2D5M3I24M1D12M20I3M8I3M2D15M37I7M4I7M12D7M4D6M6D4M10I4M6I3M1D6M16D6M1I3M8D6M1D1M1D12M5D9M5I2M1D7M4D12M16D7M9I5M7D9M1D3M7D3M2I10M2I7M6D3M3D9M	2.7.10.1	1.17.4.1	281	False
P54759	P29473	40	0.107	130	0.2983	0.0207	0.0207	34M25I30M2I3M6I3M10D6M3I8M	2.7.10.1	1.14.13.39	84	False
P54759	P00347	38	0.103	611	0.2347	0.06175	0.06175	12M2D29M21I14M3D15M13D12M56D8M3I2M7D3M1D3M8D5M4D7M2I4M31D2M1I6M8D3M1I4M3I14M2I5M2D12M1D6M18I3M1I8M4D5M16I6M3D2M1D6M4I9M8D5M6D8M16D6M2D10M5D10M19D2M6D6M1D25M1D15M2D10M1D1M6D8M3I8M	2.7.10.1	1.1.1.34	319	False
P54759	P49753	32	0.06	166	0.2794	0.03879	0.03879	8M1I13M2I12M26I11M1I15M16I4M2I5M5D7M2I7M14D4M1I10M	2.7.10.1	3.1.2.2	96	False
P54759	P29474	32	0.114	183	0.2551	0.02186	0.02186	27M1I8M22I31M12D14M1I4M5I8M10I1M4D3M9I5M1D2M3I6M1D5M	2.7.10.1	1.14.13.39	114	False
P54759	P04035	30	0.086	615	0.2252	0.05341	0.05341	18M3D7M3D13M21I1M2D28M7D3M8D9M56D8M3I2M7D3M1D8M1I3M3I3M3D10M32D2M17D7M4I14M2I5M2D19M18I11M5D6M17I25M8D5M6D8M13D5M4D7M2D4M4D10M19D2M3D6M7D3M2D4M5I13M1D15M2D13M7D6M3I8M	2.7.10.1	1.1.1.34	314	False
P54759	P30181	24	0.096	416	0.1954	0.02406	0.02406	35M7D3M3D3M23I15M3D17M10I18M9I4M14I4M14I5M3I23M8I3M1I3M28I21M1I16M32I5M1I4M10I6M16I3M4I5M12I24M	2.7.10.1	5.99.1.2	217	False
P54759	Q59468	69	0.077	400	0.2048	0.09546	0.09546	9M4D4M2I2M4D3M5D4M8D8M2I4M31D2M1I5M7D4M5I16M2I5M2D20M18I16M13I30M8D5M6D8M5D4M10D2M1D6M2D4M4D10M22D8M1D16M1I8M1I3M1D2M1D9M2D14M	2.7.10.1	1.1.1.34	231	False
P54759	P70313	61	0.109	183	0.2812	0.02138	0.02138	30M1I6M22I20M1I10M12D14M1I4M5I8M10I1M4D3M9I8M2I6M1D5M	2.7.10.1	1.14.13.39	115	False
P54759	P70496	50	0.05	139	0.3362	0.02665	0.02665	18M18I44M4I11M2D12M7D23M	2.7.10.1	3.1.4.4	108	False
P56216	P56216	5151	1.0	560	1.0	1.0	1.0	560M	1.1.3.38	1.1.3.38	560	True
P56690	P56690	9296	1.0	1043	1.0	1.0	1.0	1043M	6.1.1.5	6.1.1.5	1043	True
P70313	P70313	10669	1.0	1202	1.0	1.0	1.0	1202M	1.14.13.39	1.14.13.39	1202	True
P70313	P29473	8606	0.927	1207	0.9287	0.9174	0.9174	48M2I4M5D1148M	1.14.13.39	1.14.13.39	1200	True
P70313	P29474	7901	0.94	1205	0.9123	0.7978	0.7978	43M2I11M3D1146M	1.14.13.39	1.14.13.39	1200	True
P70313	P29475	5483	0.571	1200	0.8647	0.6355	0.6355	28M1D23M3I59M1I377M4D99M5I4M2D13M7I12M7D81M2D118M1D353M	1.14.13.39	1.14.13.39	1167	True
P70313	P29476	5396	0.566	1202	0.8576	0.6229	0.6229	38M1D24M3I50M1I378M4D98M5I4M2D13M7I11M7D82M2D122M1D349M	1.14.13.39	1.14.13.39	1169	True
P70313	P49753	115	0.161	62	0.7568	0.04976	0.04976	28M2I32M	1.14.13.39	3.1.2.2	60	False
P70313	P30181	104	0.153	124	0.5026	0.03861	0.03861	61M1I3M11I20M6D22M	1.14.13.39	5.99.1.2	106	False
P70313	Q96529	96	0.148	47	0.692	0.06944	0.06944	25M2I14M1I5M	1.14.13.39	6.3.4.4	44	False
P70313	P17425	95	0.205	39	0.7528	0.05174	0.05174	39M	1.14.13.39	2.3.3.10	39	False
P70313	Q9HBU6	81	0.159	132	0.6172	0.05382	0.05382	14M3D23M3D23M28D11M7I3M7I3M2I5M	1.14.13.39	2.7.1.82	82	False
P70313	P70496	75	0.144	111	0.5263	0.02464	0.02464	57M5D4M2I7M4I32M	1.14.13.39	3.1.4.4	100	False
P70313	P00347	68	0.109	191	0.4516	0.03255	0.03255	25M2I16M1D22M10I2M9I21M8I8M8I10M6I2M14I7M2D6M6I6M	1.14.13.39	1.1.1.34	125	False
P70313	P04035	68	0.114	174	0.47	0.03307	0.03307	8M2I34M3D16M19I38M8I3M6I9M14I7M2D5M	1.14.13.39	1.1.1.34	120	False
P70313	P08164	48	0.112	257	0.291	0.2147	0.2147	4M3D11M2I11M1I12M5I7M1I5M3D8M3I2M15D3M1I3M3D34M8D1M11D9M27D17M7I2M4I16M5I13M	1.14.13.39	6.3.1.5	158	False
P70313	O70589	48	0.161	167	0.3952	0.03936	0.03936	22M3I20M1I2M1I8M5I1M1D2M2I7M1I4M3D6M3D8M6D6M5D14M19I17M	1.14.13.39	2.7.11.1	117	False
P70313	P54759	38	0.095	220	0.4404	0.02997	0.02997	22M23D29M15D3M5D12M5D3M1I7M4D1M7I9M5D7M2D6M9D3M8D4M11D14M1D4M	1.14.13.39	2.7.10.1	124	False
P70313	P31350	37	0.111	268	0.3501	0.07099	0.07099	13M5D16M3I4M13D12M3I8M3D4M5I13M5D8M2I9M3I2M2D4M6I6M1D14M18D34M2I7M1I2M5D7M5I23M	1.14.13.39	1.17.4.1	186	False
P70313	P11157	143	0.093	267	0.3739	0.07419	0.07419	22M4I16M17D17M3D4M5I13M5D8M2I9M3I2M2D4M6I6M1D14M18D34M2I7M1I2M5D7M5I23M	1.14.13.39	1.17.4.1	188	False
P70496	P70496	9347	1.0	1074	1.0	1.0	1.0	1074M	3.1.4.4	3.1.4.4	1074	True
P70496	P30181	75	0.224	147	0.5487	0.03073	0.03073	2M1D30M7D21M1D7M8I13M1I36M5D15M	3.1.4.4	5.99.1.2	124	False
P70496	P04035	68	0.111	126	0.6183	0.02536	0.02536	6M4I25M3I14M17I13M9I22M1D12M	3.1.4.4	1.1.1.34	92	False
P70496	P29475	68	0.149	161	0.5301	0.02058	0.02058	18M11D17M16D29M10I8M2I15M1D34M	3.1.4.4	1.14.13.39	121	False
P70496	P29476	67	0.16	162	0.5629	0.01874	0.01874	13M6D40M5D5M1D6M7I15M20D5M12D5M1D21M	3.1.4.4	1.14.13.39	110	False
P70496	P00347	63	0.14	171	0.6542	0.03295	0.03295	21M43D33M25I20M2I27M	3.1.4.4	1.1.1.34	101	False
P70496	P70313	47	0.155	135	0.561	0.02277	0.02277	6M2I42M1I10M10I6M15D4M2I6M2D11M3I15M	3.1.4.4	1.14.13.39	100	False
P70496	P29473	47	0.17	123	0.5373	0.02006	0.02006	6M2I56M6I5M6D6M3D11M1D21M	3.1.4.4	1.14.13.39	105	False
P70496	O70589	31	0.123	486	0.3073	0.05515	0.05515	17M1I21M5D9M3I10M12D5M3I3M8D7M2D4M5D3M7D17M2I17M3I7M3I4M11I1M5D4M1I1M3I9M1D12M23D26M10D6M4I15M4I9M4D2M5D2M13I10M8D4M2D3M7D3M4D4M2I4M1I7M9D1M6D14M12D1M5D11M2I17M	3.1.4.4	2.7.11.1	290	False
P70496	P29474	156	0.149	127	0.5326	0.02565	0.02565	6M2I54M8I5M6D6M3D11M1D25M	3.1.4.4	1.14.13.39	107	False
P70496	P49753	112	0.105	57	0.7832	0.05349	0.05349	11M1I45M	3.1.4.4	3.1.2.2	56	False
P70496	Q9HBU6	69	0.111	126	0.5468	0.05894	0.05894	19M1I14M1I16M4D19M7I9M7D10M7I12M	3.1.4.4	2.7.1.82	99	False
P77555	P77555	3117	1.0	349	1.0	1.0	1.0	349M	1.1.1.350	1.1.1.350	349	True
P05793	P05793	4137	1.0	491	1.0	1.0	1.0	491M	1.1.1.86	1.1.1.86	491	True
P05793	Q58194	124	0.131	342	0.3976	0.3339	0.3339	8M13D2M18D9M3D9M28D10M1D8M16D7M1D18M1D23M7D8M3I13M1D2M12I2M2D4M1I5M1I14M4I14M9I2M7D16M1D39M	1.1.1.86	1.12.98.2	213	False
P05793	P32440	103	0.128	373	0.3713	0.3543	0.3543	8M13D2M18D10M1D4M1I5M27D17M17D6M1D18M1D22M3D13M7D11M14I3M5D4M1I5M1I16M5I1M1I11M7I2M7D16M1D41M3I7M4D13M	1.1.1.86	1.12.98.2	235	False
P05793	Q02394	102	0.117	391	0.3665	0.3372	0.3372	12M5D1M26D11M1D4M1I6M25D5M9D11M21D6M1D16M1D23M5D5M2D5M3I12M14I3M5D4M1I5M1I14M4I14M9I2M7D16M1D36M6I11M4D4M2D11M	1.1.1.86	1.12.98.2	237	False
P06617	P06617	5100	1.0	557	1.0	1.0	1.0	557M	1.13.12.3	1.13.12.3	557	True
P06617	P42535	98	0.084	508	0.3001	0.3285	0.3285	7M4D24M1I8M5I6M9I3M2I14M3D4M1I7M5I5M2D7M67I2M2I9M20I1M26I4M1I5M2D11M7I2M3D18M2D8M2D4M15I8M1I6M3D4M4D9M2I17M2I8M4I7M3I4M1D4M4I19M10I2M3D10M7D7M3D9M4D3M1D11M	1.13.12.3	1.14.13.50	277	False
P06617	P13006	43	0.102	596	0.2207	0.1956	0.1956	19M2D34M9I10M7I3M6I12M5I3M1I3M1I6M6D7M10D7M3I10M4I5M16I7M6I5M6D11M2D5M4D8M10I2M1I3M6I7M10D4M5D7M2D17M4I5M3D6M2D3M5D18M3D14M2I4M1I12M11D7M1D7M8I4M1D3M6I8M3D4M13I7M5I12M11D3M1D8M1I5M7D8M3D2M2I8M10D3M1D14M1D9M	1.13.12.3	1.1.3.4	369	False
P06617	P81156	349	0.091	634	0.2132	0.1991	0.1991	17M2D34M9I10M7I4M6I11M5I3M1I3M2D8M2D6M10D7M3I10M4I5M16I7M6I5M6D11M2D5M4D8M10I2M1I3M6I7M10D4M5D7M2D17M4I5M3D6M2D3M5D18M3D14M2I4M1I12M11D7M1D7M8I4M1D3M6I8M3D4M13I7M5I12M11D3M1D8M1I5M7D8M3D2M2I8M10D3M1D16M1D7M8I5M6D1M1I5M2D2M2D10M	1.13.12.3	1.1.3.4	391	False
P07998	P07998	1287	1.0	156	1.0	1.0	1.0	156M	3.1.27.5	3.1.27.5	156	True
P07998	P00669	884	0.718	149	0.9352	0.8462	0.8462	18M1I130M	3.1.27.5	3.1.27.5	148	True
P08164	P08164	2197	1.0	272	1.0	1.0	1.0	272M	6.3.1.5	6.3.1.5	272	True
P08164	P13376	41	0.148	269	0.2517	0.1191	0.1191	11M16D2M1D3M1I3M1I12M2I23M25D8M2D11M1I6M3I7M17I11M9I7M2I10D11M2D6M1D7M3I5M5I3M2D4M2I11M4I9M	6.3.1.5	5.3.1.9	160	False
P08164	P70313	38	0.119	268	0.2446	0.05818	0.05818	6M3I5M4I5M6D9M1D11M5D6M1D6M3I9M3D1M15I6M6D14M8I15M17I4M2I6M27I17M11D13M4D6M1D12M	6.3.1.5	1.14.13.39	151	False
P08164	P29474	138	0.1	268	0.2497	0.059	0.059	6M3I6M4I4M6D10M1D11M5D7M2I15M3D1M15I6M6D14M8I15M17I4M2I6M27I17M11D13M4D6M1D12M	6.3.1.5	1.14.13.39	153	False
P08164	P29473	137	0.111	269	0.2472	0.05727	0.05727	6M3I6M4I4M6D10M1D11M5D6M1D6M3I9M3D1M15I6M6D14M8I15M17I4M2I6M27I17M11D13M4D6M1D12M	6.3.1.5	1.14.13.39	152	False
P08164	P29476	83	0.069	258	0.2365	0.0499	0.0499	4M3I6M4I5M6D8M1D12M5D6M1D6M3I9M3D1M15I6M6D13M8I16M17I3M2I7M27I17M11D16M5D6M	6.3.1.5	1.14.13.39	141	False
P08164	P29475	79	0.069	258	0.2343	0.04979	0.04979	4M3I6M4I5M6D8M1D12M5D6M1D6M3I9M3D1M15I6M6D10M5I3M3I15M17I4M2I7M27I17M11D16M5D6M	6.3.1.5	1.14.13.39	141	False
P08164	Q9Y924	65	0.125	368	0.2616	0.2393	0.2393	17M6D4M4I13M3D17M4I15M1D8M3D7M8D6M2D6M7D11M5D7M1I6M3I10M1D6M2D2M1D19M1I3M4I4M13D2M22D8M10D2M12D13M4I1M7D4M5I5M4D11M2I18M2I6M	6.3.1.5	6.1.1.2	231	False
P08164	P30140	31	0.121	247	0.2035	0.09651	0.09651	11M10D22M2D7M2D7M7D2M14D8M5I6M1I17M6I2M11I10M6I8D6M1I5M12I6M1D3M2I1M3D8M4D6M4I5M6I10M	6.3.1.5	4.1.99.19	142	False
P09347	P09347	3299	1.0	361	1.0	1.0	1.0	361M	1.1.1.327	1.1.1.327	361	True
P09347	Q38707	618	0.21	385	0.6008	0.7664	0.7664	12M1D65M6I12M1D9M2I2M2D7M7D2M3D3M6I13M1I23M5D5M3I3M2I24M1I15M1D9M1I4M2I7M5I12M2D4M2I19M4I4M1D1M1D30M7I9M2D17M1D5M	1.1.1.327	1.1.1.255	316	True
P09347	Q02971	614	0.2	379	0.5937	0.7789	0.7789	7M1I3M2D60M7I4M1D12M1D21M1D2M3I5M6D13M1I23M5D9M5I23M1I15M1D14M3I6M5I13M3D4M3I17M2I37M1I4M5I3M1D20M1D5M	1.1.1.327	1.1.1.195	320	True
P09347	P33121	74	0.102	176	0.3622	0.1167	0.1167	9M4I3M1D23M1D4M1I6M21I1M1D9M1I5M3I9M1D9M6D3M4I4M8I13M3D5M8I7M1I2M	1.1.1.327	6.2.1.3	112	False
P09347	P05793	69	0.127	118	0.3283	0.1293	0.1293	2M1D6M2D11M2I5M1I6M1I7M7D6M1I11M14I10M6D7M3I9M	1.1.1.327	1.1.1.86	80	True
P09347	P94494	44	0.128	202	0.2815	0.1563	0.1563	11M2I11M6D8M2I13M2I16M1D19M8I17M5D9M1D3M2I8M8D7M3D2M1D4M2D2M7D4M2D10M1I5M	1.1.1.327	5.1.1.1	149	False
P09347	P13129	75	0.116	146	0.3251	0.1381	0.1381	10M3I4M1I23M1D2M1I6M20I11M4I19M4D7M4I7M2I8M2D7M	1.1.1.327	1.13.12.7	104	False
P09347	Q9K3J3	69	0.114	140	0.3621	0.2206	0.2206	8M1D11M1I2M6D5M1D8M1I9M10D5M2I5M9I16M19D21M	1.1.1.327	1.1.1.37	90	True
P09347	P70313	52	0.09	200	0.3003	0.07261	0.07261	16M6D8M3D14M9D11M1D6M16D19M5I3M2D7M1D9M9I7M4I3M6D1M1D6M2D25M	1.1.1.327	1.14.13.39	135	False
P09347	Q58194	46	0.092	183	0.2523	0.1356	0.1356	8M8D2M11D8M11D3M3D7M13D4M1D13M24D2M1D2M4I5M8D4M6I12M4D19M	1.1.1.327	1.12.98.2	89	False
P09347	P32440	44	0.077	180	0.2512	0.1353	0.1353	8M8D2M11D8M11D3M2D10M12D10M9I2M2I13M33D23M4D9M	1.1.1.327	1.12.98.2	88	False
P09347	P30140	43	0.092	249	0.2322	0.1415	0.1415	3M1D9M4I9M3I2M4I6M2D3M3D3M2D10M1I8M1D2M1D26M3I2M12D1M9D3M3I9M16D10M4I6M1I3M6D5M1D9M15I8M1D3M10I6M	1.1.1.327	4.1.99.19	146	False
P09347	P29473	43	0.122	229	0.2587	0.06442	0.06442	15M5D2M1D10M1D3M2D8M9D11M1D7M3D6M1D6M6I2M11I7M1D13M8D5M7I3M1D5M11I15M3D1M12D5M6I16M	1.1.1.327	1.14.13.39	140	False
P09347	P29474	42	0.113	229	0.2616	0.0647	0.0647	14M4D3M2D6M3D15M9D11M1D7M3D6M1D6M6I2M9I2M2I9M1D9M8D5M7I3M1D5M11I15M3D1M12D5M6I16M	1.1.1.327	1.14.13.39	140	False
P09347	P29475	41	0.123	227	0.2527	0.05511	0.05511	9M2D5M2D1M1D2M1D7M3D14M9D11M1D6M3D8M1D8M18I5M2D13M8D3M1I1M6I7M9I6M1I12M14D6M6I15M	1.1.1.327	1.14.13.39	139	False
P09347	P0AGE9	39	0.13	199	0.211	0.1634	0.1634	3M2D3M2I10M1I8M19I9M2D5M8D1M1D11M7I6M2D5M1I7M5D4M1I8M3I10M2I2M1I14M1I6M4I1M3D6M7I8M	1.1.1.327	6.2.1.5	127	False
P09347	Q9S498	37	0.094	233	0.2173	0.1228	0.1228	10M1I4M5I7M4D3M6D6M5I8M2D23M4I1M1D5M12D3M6D13M16D10M4I6M1I3M6D5M1D9M15I8M1D3M10I6M	1.1.1.327	4.1.99.19	133	False
P09347	P29476	33	0.109	328	0.2189	0.05488	0.05488	7M2D5M9I3M5I12M14I6M1D5M3I4M7I1M21I5M3D4M4D10M3D14M9D11M1D6M3D8M1D8M18I5M2D13M8D3M1I1M6I7M9I6M1I12M14D7M5I15M	1.1.1.327	1.14.13.39	178	False
P09347	P00459	32	0.12	291	0.2106	0.1671	0.1671	7M2D7M5I11M1I7M13D4M17D4M1I9M11D11M7D13M1D7M5I8M1D14M13D9M8D4M2D4M5D4M3D2M1I5M6I1M5D2M3D5M4I9M7D1M8I6M1I3M1I3M	1.1.1.327	1.18.6.1	160	False
P0AGE9	P0AGE9	2481	1.0	289	1.0	1.0	1.0	289M	6.2.1.5	6.2.1.5	289	True
P0AGE9	P33121	74	0.161	124	0.3451	0.09894	0.09894	6M4D9M6I2M2I3M1I2M12I5M5D15M2I14M4D9M1I5M4I13M	6.2.1.5	6.2.1.3	83	True
P0AGE9	Q58194	87	0.263	72	0.3643	0.1583	0.1583	12M2I12M1D22M1D22M	6.2.1.5	1.12.98.2	68	False
P0AGE9	P13129	50	0.116	343	0.2684	0.141	0.141	12M5D8M1D1M7I2M3I4M12I3M5D17M2I15M1D6M5D10M5I6M5I2M2I13M11D3M11D2M7D1M10D9M5D7M2I2M1I6M1I1M2I3M1I1M7I5M1I5M3D10M8I8M2D5M7D5M21I12M1D5M	6.2.1.5	1.13.12.7	189	False
P0AGE9	P30140	48	0.098	253	0.2748	0.1594	0.1594	12M2D7M1D15M3D20M4I6M28I7M4I8M6I5M7D1M4I3M3I10M4I4M1I8M9D11M1D8M5I5M7I8M4D11M5I6M	6.2.1.5	4.1.99.19	155	False
P0AGE9	P13376	44	0.107	383	0.2585	0.1462	0.1462	10M2I10M12I7M5D4M7D2M1D9M2D11M8D2M2D6M2D14M1D8M5I9M7I7M15D6M11D3M1D2M22D24M7D3M1D6M9I7M24I10M1I12M5D4M5D5M6I1M1D4M8D12M6D9M	6.2.1.5	5.3.1.9	207	False
P0AGE9	Q9S498	43	0.11	253	0.2655	0.1568	0.1568	12M2D11M1D8M3D24M4I4M30I1M1D6M3I8M6I5M6I5M6D10M4I4M1I8M10D19M5I5M7I8M3D3M1D8M5I6M	6.2.1.5	4.1.99.19	155	False
P0AGE9	P94494	37	0.121	255	0.2531	0.1301	0.1301	17M8I5M3D5M1D9M5I16M24I2M9I8M25I5M1I14M5D14M5D6M1D11M15I5M4D3M4D7M5D13M	6.2.1.5	5.1.1.1	140	False
P11157	P11157	2948	1.0	390	1.0	1.0	1.0	390M	1.17.4.1	1.17.4.1	390	True
P11157	P31350	2332	0.912	390	0.912	0.8915	0.8915	62M1I327M	1.17.4.1	1.17.4.1	389	True
P11157	P00347	45	0.102	457	0.2449	0.07542	0.07542	24M1I8M9I5M2I12M32I17M1D8M11I4M1I20M3D7M13I5M5I16M18D22M3D17M6D3M2D4M10D3M12D18M5D10M33D7M6I20M2I11M2I11M7D21M	1.17.4.1	1.1.1.34	273	False
P11157	P04035	260	0.1	458	0.2523	0.07425	0.07425	25M1I8M9I5M2I12M32I17M1D8M11I4M1I20M3D7M13I5M5I16M18D22M3D17M6D3M2D5M10D2M12D18M5D10M33D7M6I20M2I11M2I11M7D21M	1.17.4.1	1.1.1.34	274	False
P11157	P50582	38	0.107	577	0.2457	0.06748	0.06748	9M1D33M8D12M10D5M14D10M3I6M2I1M6D4M14D7M2I8M4I8M26D7M7I8M2D9M1D2M2D2M3I5M4D5M6D3M19D9M8I1M7D3M1D2M16D5M3I5M1D3M3I5M10I18M18I8M7D8M4I2M10D9M1I9M3D11M10D9M2I3M1D7M2D4M1D5M8D9M5D6M2D35M	1.17.4.1	2.7.11.1	320	False
P12530	P12530	5862	1.0	663	1.0	1.0	1.0	663M	1.13.11.33	1.13.11.33	663	True
P12530	P16050	5024	0.811	663	0.9844	0.9982	0.9982	87M1I575M	1.13.11.33	1.13.11.33	662	True
P12530	P18054	4325	0.615	664	0.9479	0.9873	0.9873	87M1I482M1D93M	1.13.11.33	1.13.11.31	662	True
P13006	P13006	5586	1.0	605	1.0	1.0	1.0	605M	1.1.3.4	1.1.3.4	605	True
P13006	P81156	4277	0.647	585	0.9767	0.9924	0.9924	89M1I495M	1.1.3.4	1.1.3.4	584	True
P13006	P42535	47	0.109	493	0.2236	0.2031	0.2031	21M1I11M7I2M17I6M25I9M2I7M7I12M9I6M14I10M1D5M11I4M9I3M6I17M2D10M2I10M3I17M1I9M13I8M8I1M3D17M2D5M7D9M13D13M28I12M7I6M2D7M3D3M3D4M3I5M5I9M2I19M	1.1.3.4	1.14.13.50	277	False
P13006	P06617	39	0.104	605	0.2078	0.202	0.202	17M4I2M1D33M9D10M7D3M6D12M5D3M1D3M4D2M5I4M11I4M3I7M3D10M4D5M16D7M6D5M6I11M2I5M4I8M10D2M1D3M6D7M10I4M5I7M2I17M4D5M3I6M2I3M5I18M3I14M2D4M1D12M7I6M2I9M23D4M6D3M3I5M1D1M6D18M20I13M1D5M7I8M3I2M2D8M10I3M1I14M1I9M	1.1.3.4	1.13.12.3	361	False
P13129	P13129	5026	1.0	548	1.0	1.0	1.0	548M	1.13.12.7	1.13.12.7	548	True
P13129	P33121	1070	0.199	631	0.6054	0.6456	0.6456	11M2D6M1I11M1I8M3D26M2D66M3D14M3I2M10D4M5D10M6I6M3I37M1I7M2D29M1I29M28D3M6D9M7D29M1I111M1D26M2I5M1I9M10D6M10D9M5D10M1I7M1I4M7D14M	1.13.12.7	6.2.1.3	508	False
P13129	P09347	66	0.149	127	0.326	0.1897	0.1897	13M3D16M3I7M3D4M1D4M16D2M4D12M4D11M1I15M1D7M	1.13.12.7	1.1.1.327	91	False
P13129	P0AGE9	40	0.104	343	0.252	0.1995	0.1995	8M1I3M5I9M4D2M4D3M1D2M12D4M2I5M3I11M2D15M1I6M5I12M1D4M14I7M1I2M7I4M18I1M2D6M10D11M3D10M2I1M3I2M1D1M2D3M1D1M3D5M2I5M4D11M8D10M10I2M1D5M4D3M17D12M1I2M	1.13.12.7	6.2.1.5	188	False
P13129	Q9S498	32	0.074	429	0.2093	0.1298	0.1298	15M6D5M11D2M8D19M2I7M2I10M4D5M6D4M2I2M3I12M21D4M20D13M7D3M6D15M1D4M2D3M8I4M14I3M1D6M23I8M1I2M29I4M2I2M23I5M6I22M11D2M4D2M7D10M1I2M1I2M	1.13.12.7	4.1.99.19	197	False
P13129	P30140	139	0.065	429	0.2094	0.1305	0.1305	15M6D5M11D2M8D17M2I9M2I10M4D5M6D4M2I2M3I12M21D4M20D13M7D3M6D15M1D4M2D3M8I4M14I3M1D5M23I9M1I2M29I4M2I2M23I5M6I22M11D2M4D2M7D10M1I2M1I2M	1.13.12.7	4.1.99.19	197	False
P13129	Q38707	84	0.116	129	0.334	0.1787	0.1787	14M1D9M1I24M2D11M6D2M9D9M4D5M2I4M5I3M3D4M7I4M	1.13.12.7	1.1.1.255	89	False
P13129	Q02971	76	0.08	136	0.3099	0.1685	0.1685	9M3D6M1D9M1I24M2I15M19D5M4D5M1I3M7I2M4D5M7I4M	1.13.12.7	1.1.1.195	87	False
P13376	P13376	3722	1.0	445	1.0	1.0	1.0	445M	5.3.1.9	5.3.1.9	445	True
P13376	P08164	42	0.149	267	0.2365	0.1655	0.1655	11M16I2M1I3M1D3M1D12M2D23M25I8M2I11M1D6M3D7M17D11M9D7M6I2M2I11M2I6M1I7M3D5M5D3M2I4M2D11M4D9M	5.3.1.9	6.3.1.5	162	False
P13376	P30140	42	0.106	450	0.2433	0.1441	0.1441	3M3I13M1I2M6D7M3I20M1D13M1D17M4D6M1I2M6I9M8I3M2D5M2D5M1D1M4I5M1D8M8I7M2I7M3D23M1I2M3I2M3D6M6D11M4I10M28I9M4D5M1D1M1D3M3D10M12D1M4I30M10I17M1D1M23D18M3I4M	5.3.1.9	4.1.99.19	286	False
P13376	Q9S498	39	0.11	462	0.2252	0.147	0.147	12M2I2M1I8M2D4M1I13M1D17M4D6M1I2M6I9M8I13M5D1M4I5M1D8M8I4M1I10M2D24M1I3M3I1M3D6M6D11M4I10M4I1M12D4M3I8M2I3M1D2M14I2M3I1M6I3M12D1M4I8M6I8M6D8M10I17M23I3M1I1M2D6M18I6M6D5M2D7M	5.3.1.9	4.1.99.19	263	False
P13955	P13955	1423	1.0	161	1.0	1.0	1.0	161M	1.5.1.3	1.5.1.3	161	True
P16050	P16050	5855	1.0	662	1.0	1.0	1.0	662M	1.13.11.33	1.13.11.33	662	True
P16050	P12530	5034	0.809	663	0.9852	0.9966	0.9966	85M1D577M	1.13.11.33	1.13.11.33	662	True
P16050	P18054	4391	0.654	663	0.955	0.9886	0.9886	569M1D93M	1.13.11.33	1.13.11.31	662	True
P17425	P17425	4503	1.0	520	1.0	1.0	1.0	520M	2.3.3.10	2.3.3.10	520	True
P17425	P29476	44	0.168	107	0.4052	0.01889	0.01889	7M16D4M4D5M1D12M2D2M10I19M4D15M1I5M	2.3.3.10	1.14.13.39	69	False
P17425	P00347	33	0.152	414	0.272	0.05217	0.05217	8M1I2M4I11M1I9M2I7M8I5M8I2M2D10M1D10M2D4M2I3M1D4M4D8M9D4M1D22M6D6M5D16M18I3M17I6M1I8M1I7M19D11M5D5M2D10M3I13M1D4M3I7M8D3M17D3M12D9M1I29M	2.3.3.10	1.1.1.34	249	False
P17425	P04035	30	0.162	443	0.2742	0.04682	0.04682	10M1I2M4I2M7D6M19D30M1D3M6I3M4D8M1D2M10D5M10D14M4D2M3D2M3D12M1I3M2D13M9D4M1D9M1D8M2D8M8D6M23I7M15D2M14D15M8I11M1I15M12I14M10I17M5D1M3D21M	2.3.3.10	1.1.1.34	255	False
P17425	O70589	28	0.112	337	0.308	0.04442	0.04442	17M11I8M6D19M2I6M6D8M10I10M33I3M2D1M2D5M2D12M11D6M11I12M3D13M14D13M23D5M7D6M8D3M2D37M	2.3.3.10	2.7.11.1	184	False
P17425	P50582	24	0.137	494	0.2141	0.06827	0.06827	6M2D4M1D4M8I5M1I8M6I6M1I1M13I5M1I2M3D6M7I6M2D6M12I7M1D10M3I2M2D4M20D4M3D5M4I4M11D7M6D10M3D5M1D4M13D1M5D5M10D12M11D2M2D5M1D2M6I13M2I4M1D2M2D1M31I9M3I9M5I6M3D7M9D11M11I3M4D2M10I6M2D31M	2.3.3.10	2.7.11.1	252	False
P17425	P49753	92	0.09	44	0.7553	0.04801	0.04801	44M	2.3.3.10	3.1.2.2	44	False
P17425	P70313	76	0.154	71	0.4869	0.02467	0.02467	8M1I10M8I21M1I22M	2.3.3.10	1.14.13.39	61	False
P17425	P70496	73	0.157	95	0.4376	0.03821	0.03821	8M2D18M6D2M5I13M1D34M1I5M	2.3.3.10	3.1.4.4	80	False
P17425	Q9HBU6	71	0.129	85	0.4665	0.05899	0.05899	19M1I4M5I5M12I39M	2.3.3.10	2.7.1.82	67	False
P17425	P29475	70	0.139	115	0.4015	0.01751	0.01751	7M10D2M9D2M1D5M1D12M2D2M10I24M4D9M8D7M	2.3.3.10	1.14.13.39	70	False
P17425	P29473	67	0.197	71	0.4397	0.01846	0.01846	8M1I10M8I22M2I20M	2.3.3.10	1.14.13.39	60	False
P17425	P29474	64	0.15	73	0.3939	0.02228	0.02228	8M1I10M8I22M2I13M2D7M	2.3.3.10	1.14.13.39	60	False
P17425	P30181	48	0.143	160	0.3259	0.01959	0.01959	11M16I6M2D1M15I25M1I12M2I20M11D6M13D19M	2.3.3.10	5.99.1.2	100	False
P18054	P18054	5978	1.0	663	1.0	1.0	1.0	663M	1.13.11.31	1.13.11.31	663	True
P18054	P16050	4428	0.654	663	0.9551	0.9901	0.9901	569M1I93M	1.13.11.31	1.13.11.33	662	True
P18054	P12530	4366	0.614	664	0.9502	0.9871	0.9871	85M1D484M1I93M	1.13.11.31	1.13.11.33	662	True
P18315	P18315	901	1.0	106	1.0	1.0	1.0	106M	3.5.1.5	3.5.1.5	106	True
P18316	P18316	777	1.0	100	1.0	1.0	1.0	100M	3.5.1.5	3.5.1.5	100	True
P29473	P29473	10679	1.0	1205	1.0	1.0	1.0	1205M	1.14.13.39	1.14.13.39	1205	True
P29473	P29474	8953	0.942	1205	0.962	0.8661	0.8661	54M1I4M1I1145M	1.14.13.39	1.14.13.39	1203	True
P29473	P70313	8650	0.927	1206	0.933	0.9197	0.9197	47M4I6M1D1148M	1.14.13.39	1.14.13.39	1201	True
P29473	P29475	6200	0.571	1202	0.9019	0.686	0.686	9M1I46M4I52M2I2M1D366M3D7M1D104M3I20M7I11M7D81M2D118M1D354M	1.14.13.39	1.14.13.39	1170	True
P29473	P29476	6047	0.568	1206	0.8857	0.6687	0.6687	36M1I25M4I46M2I2M1D366M3D6M1I6M2D98M3I20M7I10M7D81M4D6M2I111M1D355M	1.14.13.39	1.14.13.39	1168	True
P29473	Q9HBU6	111	0.235	68	0.6695	0.04623	0.04623	13M3D17M1I34M	1.14.13.39	2.7.1.82	64	False
P29473	P49753	105	0.1	70	0.7241	0.0402	0.0402	18M5I47M	1.14.13.39	3.1.2.2	65	False
P29473	Q96529	92	0.181	44	0.7993	0.04908	0.04908	44M	1.14.13.39	6.3.4.4	44	False
P29473	P00347	71	0.105	199	0.4774	0.02859	0.02859	17M2D44M4D8M21I3M3I2M6I5M8I9M8I10M6I2M14I7M2D6M6I6M	1.14.13.39	1.1.1.34	119	False
P29473	P70496	68	0.116	112	0.6077	0.02305	0.02305	4M4D12M1I19M26D7M7D16M1D7M2D2M1D3M	1.14.13.39	3.1.4.4	70	False
P29473	P04035	67	0.113	185	0.498	0.0323	0.0323	39M5D27M25I7M5I11M3I11M12D5M1I1M1I8M7D4M1I12M	1.14.13.39	1.1.1.34	125	False
P29473	P30181	65	0.128	257	0.4315	0.02703	0.02703	13M1D38M13D19M8D5M4I4M5I23M1I6M16D3M23D5M11D5M2I1M1I8M1D3M13D8M2I5M4I6M	1.14.13.39	5.99.1.2	152	False
P29473	O70589	51	0.107	168	0.416	0.03728	0.03728	43M6I11M5I3M2I7M1I4M3D6M3D8M6D6M4D15M15I5M3I12M	1.14.13.39	2.7.11.1	120	False
P29473	P31350	40	0.114	271	0.3599	0.07915	0.07915	14M2D15M1I8M7D20M4D2M8D9M5I3M8I2M2D8M2I9M3I2M2D4M6I5M1D15M18D34M2I7M1I2M5D7M5I23M	1.14.13.39	1.17.4.1	189	False
P29473	P31663	38	0.107	343	0.2196	0.1819	0.1819	10M2I11M3I21M18I4M2I6M13I6M4D8M6D3M7D7M5D11M2I13M10D10M8I2M1I4M2D8M2D15M3D7M5D4M3D14M4D14M6I5M26I6M7D15M	1.14.13.39	6.3.2.1	204	False
P29473	P11157	32	0.112	266	0.3198	0.07259	0.07259	39M15D12M5D1M3D3M1D3M3I5M3I5M5D8M2I9M3I3M2D3M6I7M1D13M11D7M7D8M2D5M1I12M3I7M1I2M5D7M5I23M	1.14.13.39	1.17.4.1	182	False
P29474	P29474	10599	1.0	1203	1.0	1.0	1.0	1203M	1.14.13.39	1.14.13.39	1203	True
P29474	P29473	8936	0.942	1205	0.9679	0.8647	0.8647	54M1D4M1D1145M	1.14.13.39	1.14.13.39	1203	True
P29474	P70313	7928	0.94	1205	0.9228	0.7984	0.7984	47M2D7M3I1146M	1.14.13.39	1.14.13.39	1200	True
P29474	P29475	6458	0.564	1218	0.9078	0.7558	0.7558	32M1D12M11D16M6D50M2I2M1D378M4D99M3I20M7I11M7D80M2D119M1D354M	1.14.13.39	1.14.13.39	1173	True
P29474	P29476	6386	0.565	1201	0.8992	0.7531	0.7531	36M1I15M2I55M2I3M1D379M4D98M2I10M1I10M7I10M7D81M2D124M1D350M	1.14.13.39	1.14.13.39	1171	True
P29474	Q9HBU6	99	0.179	67	0.65	0.04946	0.04946	12M3D25M1I26M	1.14.13.39	2.7.1.82	63	False
P29474	Q96529	98	0.159	44	0.7628	0.05548	0.05548	44M	1.14.13.39	6.3.4.4	44	False
P29474	P30181	91	0.16	125	0.5281	0.03275	0.03275	11M2D29M2D9M2D20M7I4M7I12M2I18M	1.14.13.39	5.99.1.2	103	False
P29474	P49753	89	0.178	73	0.6316	0.04615	0.04615	3M1I7M7I34M2D19M	1.14.13.39	3.1.2.2	63	False
P29474	P70496	76	0.12	125	0.4963	0.03624	0.03624	56M3D9M15I4M2D6M2I12M3D13M	1.14.13.39	3.1.4.4	100	False
P29474	P00347	74	0.106	197	0.4782	0.03164	0.03164	33M5D14M1D18M24I6M2I8M5I4M1I9M8I10M6I2M14I7M2D6M6I6M	1.14.13.39	1.1.1.34	123	False
P29474	P17425	65	0.169	65	0.6083	0.03604	0.03604	9M7D12M4I16M3I14M	1.14.13.39	2.3.3.10	51	False
P29474	P04035	63	0.097	184	0.4345	0.03224	0.03224	25M1I18M6D21M22I9M5I11M3I9M8I3M6I9M14I7M2D5M	1.14.13.39	1.1.1.34	117	False
P29474	P54759	49	0.129	108	0.5315	0.02331	0.02331	17M1I11M25D31M4I3M4D6M1D5M	1.14.13.39	2.7.10.1	73	False
P29474	O70589	45	0.138	166	0.3983	0.03086	0.03086	27M5I26M5I3M2I7M1I4M3D6M3D8M6D6M4D15M15I5M3I12M	1.14.13.39	2.7.11.1	119	False
P29474	P31350	39	0.114	261	0.3335	0.07783	0.07783	13M5D16M1I8M9D10M1D16M5I13M5D8M2I9M3I8M4I5M1D15M18D34M2I7M1I2M5D7M5I23M	1.14.13.39	1.17.4.1	194	False
P29474	P11157	29	0.116	275	0.323	0.06473	0.06473	23M2D7M1D4M18D10M3I17M1D3M4I1M3D3M8I2M2D8M2I9M3I3M2D3M6I7M1D13M11D12M4D5M5D3M1I12M3I7M1I2M5D7M5I23M	1.14.13.39	1.17.4.1	184	False
P29475	P29475	12271	1.0	1434	1.0	1.0	1.0	1434M	1.14.13.39	1.14.13.39	1434	True
P29475	P29476	9383	0.935	1434	0.9325	0.7679	0.7679	179M5I1250M	1.14.13.39	1.14.13.39	1429	True
P29475	P29474	6485	0.563	1220	0.8987	0.9014	0.9014	34M1I12M11I12M6I54M2D2M1I378M4I99M3D20M7D11M7I80M2I119M1I354M	1.14.13.39	1.14.13.39	1175	True
P29475	P29473	6167	0.566	1220	0.8938	0.8047	0.8047	28M1I13M11I13M3I6M1I54M2D2M1I366M3I7M1I104M3D20M7D11M7I81M2I118M1I354M	1.14.13.39	1.14.13.39	1177	True
P29475	P70313	5523	0.57	1198	0.867	0.745	0.745	28M1I27M3D55M1D377M4I106M3D11M4D7M3D6M7I81M2I118M1I353M	1.14.13.39	1.14.13.39	1169	True
P29475	O70589	157	0.148	289	0.5133	0.08412	0.08412	12M1D24M2I2M1D56M31I2M2D16M8I5M2I2M1I13M4I5M10D5M8D3M9D2M6D8M14D35M	1.14.13.39	2.7.11.1	190	False
P29475	P30181	108	0.141	411	0.5146	0.02818	0.02818	23M1I8M2D13M2D14M25D16M2D14M15I56M3D8M23D21M1I5M4I4M5I28M1D1M14D3M24D5M11D5M2I1M1I8M1D3M13D13M6I6M	1.14.13.39	5.99.1.2	255	False
P29475	P00347	91	0.154	284	0.4993	0.03055	0.03055	16M1I4M4D3M8D4M5D5M5D4M15D41M1I5M5I35M21I3M3I2M6I5M7I9M8I10M6I2M14I7M2D6M6I6M	1.14.13.39	1.1.1.34	167	False
P29475	P04035	82	0.125	278	0.4966	0.04322	0.04322	14M1I11M3I4M5I4M8D7M6D5M5D13M1I81M25I1M8I6M7I9M8I3M6I9M14I7M2D5M	1.14.13.39	1.1.1.34	179	False
P29475	P70496	81	0.143	153	0.6188	0.02526	0.02526	30M25I6M2I20M10D8M2D19M1I30M	1.14.13.39	3.1.4.4	113	False
P29475	Q96529	68	0.16	56	0.664	0.03433	0.03433	17M8I13M1I10M2I5M	1.14.13.39	6.3.4.4	45	False
P29475	P50582	68	0.175	74	0.5101	0.04798	0.04798	10M1D6M2I19M1I11M1I7M4I12M	1.14.13.39	2.7.11.1	65	False
P29475	Q9HBU6	64	0.122	155	0.5255	0.03817	0.03817	39M5I28M25D15M7I3M7I3M2I5M4D12M	1.14.13.39	2.7.1.82	105	False
P29475	P49753	64	0.125	175	0.4654	0.05044	0.05044	3M1I11M9I41M1D12M4D3M2I5M18D4M1I7M7D2M5D21M2D8M2D6M	1.14.13.39	3.1.2.2	123	False
P29475	P17425	55	0.1	120	0.572	0.04019	0.04019	10M1I19M22D6M5D19M14I24M	1.14.13.39	2.3.3.10	78	False
P29475	P54759	41	0.113	493	0.3891	0.05247	0.05247	6M3I5M13D3M1I1M5I15M14I5M3I7M13I5M1I22M2D3M5D14M2D4M10D6M14D6M6D15M17D16M9I29M6D8M3I9M5I11M18I13M5D24M5D3M1I7M4D2M7I7M5D8M2D6M7D3M10D7M12D10M1D4M	1.14.13.39	2.7.10.1	284	False
P29475	P31350	40	0.097	268	0.3528	0.07625	0.07625	14M5D3M1D15M15D13M7D5M1D10M5I3M8I2M2D8M2I9M3I2M3I11M1D15M18D34M2I7M2I1M6D7M5I23M	1.14.13.39	1.17.4.1	182	False
P29475	P11157	34	0.109	274	0.3218	0.06898	0.06898	12M1D11M3I13M18D12M5D10M1D7M5I3M8I2M2D8M2I9M3I2M3I13M1D13M11D12M4D5M5D3M1I12M3I7M2I1M6D7M5I23M	1.14.13.39	1.17.4.1	185	False
