query	target	pident	ug_alnlen	y_true
P27830	Q14376	23.9	311	0
P27882	Q12284	31.3	102	1
P27896	P21865	17	339	1
P27987	P42335	76.1	925	1
P27988	P07650	8.7	194	0
P28002	P45986	51.3	363	1
P28012	Q43056	80.1	217	1
P28037	O75891	91.7	902	1
P28039	Q61205	12.7	184	1
P43235	O70370	53.8	326	1
P43311	P98073	11	99	0
P43341	P53041	10	195	0
P43346	P27707	93.4	260	1
P43353	P47740	53	460	1
P43378	P10586	35.8	281	1
P43387	P21161	54.8	262	1
P43408	P43410	81.7	192	1
Q13907	Q42553	51.5	227	1
Q13946	Q9QXQ1	58	438	1
Q14123	Q61481	66.1	536	1
Q14191	P15043	29.4	594	1
Q14197	O88508	9.6	173	0
Q14289	P54762	40.2	266	1
Q14318	P45523	21.6	102	1
Q14353	P75876	14.7	183	1
Q14376	P09147	52.3	336	1
Q14432	Q61481	28.2	352	1
P12676	P22637	58.7	501	1
P12758	O34925	27.1	227	1
P12807	Q12556	32.3	633	1
P12851	P15587	68.1	386	1
P12866	P08183	25	1227	1
P12995	P53555	33.7	416	1
P12996	Q9S498	17.9	296	0
P12999	P25397	11.5	167	1
P13006	P81156	64.7	584	1
Q9UNP9	P07363	12.5	104	0
Q9UPE1	O35491	19.3	356	0
Q9UQ49	P10481	19.1	341	1
Q9UTN3	P29468	15.9	268	1
Q9UWU1	O66615	33.6	113	1
Q9UX83	P35028	66.6	194	1
Q9UYD1	O58214	81.8	192	1
Q9UZ14	Q58597	47.9	606	1
Q9V011	P00959	32.2	664	1
P25858	P56649	70.6	328	1
P26045	P29074	50.2	893	1
P26163	P07328	19.3	380	0
P26164	P07328	13.8	401	0
P26196	P29562	36.9	377	1
P26221	P38604	10.4	289	0
P26236	P12999	19.4	169	1
P26239	P46467	17	187	0
P26281	P17752	11.8	95	0
P26358	O88508	10.6	788	1
Q57961	O26010	18.1	140	1
Q57991	P26512	30.5	393	1
Q58027	P06986	11.7	317	0
Q58037	Q58407	27.3	273	1
Q58185	Q00511	10.9	240	0
Q58194	P32440	64.9	338	1
Q58247	Q01064	13.5	223	1
Q58280	P19499	36	251	0
Q58293	P38793	16	323	1
P14324	P08524	44.1	347	1
P14377	P10955	17.8	346	1
P14384	P42787	39.3	372	1
P14418	P20474	55.6	122	1
P14489	P13661	25.2	257	1
P14518	P14080	49.3	211	1
P14532	P55929	43.3	331	1
P14540	P56109	20.9	281	1
P54493	P46116	26.9	226	1
P54495	O05510	25.5	274	1
P54548	Q58897	38.4	297	1
P54570	P44684	28.5	177	1
P54577	O29482	37.7	319	1
P54616	O24990	44.5	255	1
P54687	O15382	56.1	383	1
P54707	P19156	63.2	1032	1
P54748	Q08493	63.5	693	1
P54751	Q02734	26.1	245	1
Q9WYD1	P53228	27.7	188	1
Q9WYJ7	P22936	32.9	277	0
Q9WZ44	O32054	51	330	1
Q9WZC6	P82385	56.3	123	1
Q9WZW0	Q9V1A5	30	267	1
Q9X017	P10442	47.3	181	1
Q9X0I0	P12047	51.2	427	1
Q9X0I6	Q9ZBQ7	39.4	229	1
Q9X0X3	P74881	17.6	580	1
P20020	Q9R0K7	81.6	1197	1
P20048	O95622	12.6	279	0
P20051	O04904	33.5	337	1
P20070	P00387	87	301	1
P20132	P09367	75.2	327	1
P20142	P00794	43.1	366	1
P20231	Q9UNI1	34.2	244	1
P20351	P48775	54.6	377	1
P20418	P22076	76.9	126	1
P20425	P30085	50.7	187	1
Q06830	Q63716	97.4	199	1
Q06902	P00798	66.5	311	1
Q07009	P17655	93.7	700	1
Q07343	P14646	96.6	736	1
Q07356	P32397	15.9	419	0
Q07407	P22455	36.9	634	1
Q07412	P48491	47.5	247	1
Q07510	P30074	16.9	319	1
Q07523	Q9UJM8	44.3	351	1
P15105	P09606	96.5	373	1
P15144	P16406	34.1	915	1
P15167	P30431	64.4	373	1
P15169	Q00493	52	391	1
P15273	P43378	19.1	248	1
P15280	P23509	81.9	512	1
P15290	P45850	95.5	201	1
P15304	P54310	94.4	759	1
P15309	P24031	13	329	1
P44514	P23908	23.7	356	1
P44684	P54570	28.5	177	1
P44801	P0A9Q9	72	366	1
P44806	P17443	9.1	310	0
P44814	Q9UZ14	15.5	116	0
P44859	Q51792	13.9	241	0
P45066	P17952	66.2	472	1
P45251	Q9ZFK4	66.7	281	1
O70310	P31717	97.3	496	1
O70311	O70310	67.4	487	1
O70370	P25774	73.4	331	1
O70589	Q13554	43.1	324	1
O70628	O76083	84.4	512	1
O73888	O35543	69.8	199	1
O73944	O07883	56.5	206	1
O73946	P51979	21.8	622	1
O73984	Q9NSD9	28.4	549	1
O74017	Q9Y3E5	47.9	121	1
P42785	Q9UHL4	40.2	462	0
P42787	P15169	42.8	379	1
P42801	Q38862	93.5	510	1
P42850	P23538	35.8	734	1
P42892	P08473	37.5	724	1
P42898	O80585	42.8	580	1
P42941	P05030	10.3	205	0
P43094	Q00663	41.7	367	1
P43123	O74933	53.9	468	1
P43155	P11466	33.1	573	1
P25526	P51649	55.3	475	1
P25553	P25526	38.6	473	1
P25582	P75817	10.2	143	1
P25665	P32327	9.7	261	0
P25704	P17182	83.6	434	1
P25774	O70370	73.4	331	1
P25779	Q9UBX1	44.3	296	1
P25856	P19866	81.1	393	1
P25857	P19866	70.2	396	1
Q00019	P15169	17.7	80	0
Q00055	P32440	8.6	274	0
Q00441	P00183	21.7	366	0
Q00493	P16870	96.6	476	1
Q00496	P30996	60.1	1244	1
Q00511	P56740	11.8	114	0
Q00663	P32951	51.9	386	1
Q00722	Q9NQ66	44.8	1130	1
Q00740	P35520	19.3	278	0
Q00764	P31922	13.9	408	1
P16304	O82514	46.9	211	1
P16386	Q05469	86	752	1
P16406	P15144	34.2	917	1
P16426	Q57146	84.6	183	1
P16435	P00388	92.4	677	1
P16444	P00883	9.3	271	0
P16460	P00966	96.8	412	1
P16497	P23222	18.9	471	1
P54873	P54868	45.9	449	1
P54874	P54839	60.3	443	1
P54965	Q13510	13.8	209	1
P54989	P07740	13.9	332	1
P54997	P30855	10	201	0
P55038	Q9ZNZ7	57.9	1540	1
P55059	P17967	39.6	454	1
P55135	P75817	21.5	321	1
P17649	O13837	48.8	459	1
P17655	Q07009	93.7	700	1
P17692	P30921	88.9	713	1
P17707	O02655	40.9	325	1
P17719	P00375	46	177	1
P17743	Q58723	11.2	187	1
P17752	P70080	85.8	444	1
P17811	P09169	47.6	309	1
P17844	P38919	31.2	371	1
P53634	P97821	77.7	462	1
P53682	Q13554	37.6	299	1
P53701	P53702	84.1	268	1
P53702	P53701	84.1	268	1
P53704	Q06210	54.3	694	1
P53720	Q06063	22.6	286	1
P53730	O13898	11.2	225	1
P53759	Q06063	22.8	314	1
P53780	P32929	40.4	379	1
P22557	P13196	56	556	1
P22567	Q9X2A4	28.1	269	0
P22607	P11362	63.3	777	1
P22637	P12676	58.5	503	1
P22643	P27652	18.1	285	0
P22748	Q9WVT6	32.9	272	1
P22789	P43411	8	133	0
P22830	O42479	80.9	401	1
P22869	P31350	11.1	277	0
P22887	P15531	62.2	150	1
Q03148	P37527	58.2	288	1
Q03154	P37111	87.7	407	1
Q03217	Q02068	55.6	315	1
Q03249	P07902	91	379	1
Q03266	P0AB80	15.1	192	0
Q03393	P27213	81.3	144	1
Q03426	Q9R008	81	395	1
Q03469	P94556	35	265	1
Q03471	Q55012	14.1	297	1
P0AB80	P19938	27.8	268	1
P0AB91	Q9ZFK4	12.8	239	1
P0ABH7	P20901	63.7	423	1
P0ABN1	P70245	12.9	101	0
P0AC38	P08417	37.5	462	0
P0AE18	P53582	46.6	255	1
P0AEB2	P39042	29.6	273	1
P0AES6	P06786	22.4	521	1
P32785	P23882	22.6	296	1
P32921	P23381	90	471	1
P32929	P31373	50.8	383	1
P32947	P06276	24.8	478	1
P32950	P32951	54.9	366	1
P32951	Q00663	51.9	386	1
P32961	P32962	90	339	1
P32962	P32961	90	339	1
P32964	Q02068	37.7	350	0
P33022	Q04179	29.2	308	1
Q56584	Q9X4Q8	90.8	406	1
Q56586	Q9KPS1	86.5	446	1
Q56587	Q9KPS2	90.5	414	1
Q57095	Q9X4Q6	91.9	210	1
Q57146	P16426	84.6	183	1
Q57261	Q08647	16.5	304	1
Q57600	P14882	13.8	291	0
Q9C0Y4	P56526	43.5	947	1
Q9ESW8	Q9NXJ5	94.7	209	1
Q9F2F0	O31410	53.6	182	1
Q9FUZ2	P96113	37	157	1
Q9FV53	Q9HBH1	30.9	216	1
Q9HBH1	Q9FV53	31.5	227	1
Q9HBU6	P35790	24.8	411	1
Q9HH07	P56709	78.1	553	1
Q9HH09	P77961	43.3	459	1
P19687	Q02108	86.1	690	1
P19754	Q08828	91.7	1119	1
P19801	Q9TRC7	82.7	733	1
P19821	P00582	36.2	820	1
P19839	P07740	85.3	355	1
P19840	P07740	26.1	327	1
P19866	P25856	81.1	393	1
P19938	P0AB80	27.8	268	1
P19971	P07650	38.3	434	1
Q64514	P29144	95.3	1249	1
Q64520	Q16774	88.2	196	1
Q64654	Q16850	93.4	503	1
Q64669	P05982	93.7	274	1
Q64685	P13721	94	403	1
Q64725	P48025	97.2	629	1
P19468	P48506	94.1	637	1
P19496	P80489	38.5	404	1
P19498	P80491	50.4	229	1
P19499	P80490	54.3	280	1
P19531	P30920	46.6	699	0
P19573	Q51705	54.5	610	1
P19602	P09960	92.9	611	1
P19636	Q64685	16.7	144	0
P19643	P56560	86.5	520	1
P19686	Q02108	89.1	689	1
P34163	P15304	9.3	294	1
P34208	P07934	27.9	266	1
P34795	Q9N1E2	45	541	1
P34884	P30046	33.9	114	0
P34896	P07511	92.1	483	1
P34945	O58441	35.7	414	1
P35028	Q9UX83	66.6	194	1
P35127	Q9Y5K5	23.4	217	1
Q9NXJ5	Q9ESW8	94.7	209	1
Q9NY33	Q08225	33.6	669	1
Q9P2W7	O94766	53.2	264	1
Q9P4V2	O95394	47.7	521	1
Q9P999	P31434	21.6	650	1
Q9QUJ7	O95573	65.4	707	1
Q9QXQ1	Q9NP56	91.5	445	1
Q9R008	Q03426	81	395	1
Q9R088	P27707	30.6	228	1
Q9R0K7	P11506	95.9	1198	1
P15445	P00598	96.6	118	1
P15454	Q16774	51.9	179	1
P15474	P11653	14.4	124	0
P15505	Q9Y617	10.4	319	0
P15531	O00746	57.5	146	1
P15555	P00811	20.6	332	0
P15559	Q64669	86.4	274	1
P15565	Q23270	32.1	491	1
P15586	P15848	17.8	456	1
P46655	P56926	29	519	1
P46734	O09110	96.5	347	1
P46799	P06612	36.4	566	1
P46844	P53004	83.1	295	1
P46849	O00442	31	336	1
P46881	P12807	32	608	1
P46882	P27338	20	432	1
P46883	P46881	27.8	604	1
P46920	P68187	30.3	234	1
P46925	P39898	65.5	452	1
Q59587	P80078	8.8	122	0
Q59639	P54818	10.4	174	0
Q59643	P13716	41.1	323	1
Q59699	Q18677	44	495	1
Q59931	P25526	34	465	1
Q59948	Q55367	76	145	1
Q60048	O32220	32.5	699	1
Q60099	Q52087	38.9	219	1
Q60106	O14773	19.8	505	0
P11444	P08310	25.7	349	0
P11446	P23247	19.2	282	1
P11466	P43155	32.6	576	1
P11498	P52873	96.3	1178	1
P11506	Q9R0K7	95.8	1198	1
P11511	Q43250	19.2	468	0
P11558	Q49605	72.8	549	1
P11560	P07955	57.9	432	1
P11562	P07964	56.2	245	1
P11652	P22033	21.4	597	1
Q9LX12	Q38862	89.8	510	1
Q9LZG0	Q9SF85	92.4	343	1
Q9MYU4	P55772	63.8	506	1
Q9N1E2	P06744	93	558	1
Q9NP56	Q9QXQ1	90.4	444	1
Q9NQ66	P10687	97.3	1216	1
Q9NRA0	Q9JIA7	83	616	1
Q9NSD9	O73984	28.4	549	1
Q9NTI2	P98200	94.5	1148	1
P07740	P19839	85.3	355	1
P07773	P95607	28.9	263	1
P07805	P09057	65.6	403	1
P07824	Q61176	93.4	323	1
P07861	P08473	94.2	750	1
P07862	P25051	27.9	295	0
P07872	Q15067	88.5	660	1
P07902	Q03249	91	379	1
P07934	P11275	37	258	1
P80654	P80656	20.5	59	1
P80668	O75891	39.2	477	0
P81054	P81055	61.3	168	1
P81055	P81054	61.6	167	1
P81065	P46419	13.4	187	1
P81156	P13006	64.7	584	1
P81297	P43235	9.1	246	1
P81383	O09046	37.2	459	1
Q63151	O95573	92.3	720	1
Q63270	P28271	96.4	889	1
Q63342	P48728	22.7	359	0
Q63651	O70293	47.6	535	1
Q63707	P32746	49.1	382	1
Q63716	Q06830	97.4	199	1
Q63932	P36507	94	400	1
Q63980	Q02750	97.7	393	1
Q64133	P21396	94.8	526	1
P11155	Q39734	75	947	1
P11157	P31350	91.2	389	1
P11214	P00750	80	558	1
P11275	Q13554	61	478	1
P11344	P14679	85.7	529	1
P11362	Q04589	97.6	822	1
P11387	Q04750	97	765	1
P11388	Q02880	67.4	1519	1
P11436	Q03217	21.4	257	0
Q04179	P33022	29.2	308	1
Q04212	P48570	9.7	231	0
Q04400	O95622	95.4	1259	1
Q04468	P93147	27.5	478	1
Q04589	P11362	97.6	822	1
Q04609	Q01693	18.8	197	0
Q04736	P08103	56.8	519	1
Q04750	P11387	97	765	1
Q04760	P16635	58.3	156	1
Q04804	P30847	21.5	396	1
P09417	Q01289	10.4	227	0
P09543	Q13574	11	311	0
P09598	P08183	8.6	230	0
P09606	P15105	96.5	373	1
P09620	P16675	23	419	1
P09622	P09623	96.2	509	1
P09623	P09622	96.2	509	1
P09626	P19156	97.5	1033	1
P09646	P00651	52.2	129	1
P77791	P26841	31.8	88	1
P77806	P47039	26.9	383	1
P77918	Q58976	57.6	299	1
P77961	P0A1P6	55.6	469	1
P78536	Q9Z1K9	92.1	824	1
P78540	Q61176	59.5	323	1
P78563	P55265	25	673	1
P79208	P35354	87.8	591	1
P79331	P15167	19.3	346	1
P80022	P80196	59.5	224	1
P09785	P00897	46.4	497	1
P09786	P38627	13.5	190	0
P09832	Q05756	43.7	460	1
P09838	P06526	80.1	509	1
P09841	P51878	10.6	218	1
P09871	P98073	16.9	587	1
P09874	Q9UGN5	38.9	527	1
P47180	Q01172	14.7	207	0
P47190	P33775	31.5	665	1
P47227	Q46381	80.7	276	1
P47229	P77044	51	282	1
P47738	P05091	94.8	516	1
P47739	P30838	80.3	453	1
P47740	P47739	64.7	442	1
P47895	Q62148	69.2	510	1
P13376	P34795	20.8	427	1
P13377	Q9N1E2	57.2	549	1
P13382	P95690	15.8	777	1
P13497	P09871	18.1	422	0
P13513	Q03471	11.4	253	1
P13516	P07308	92.7	355	1
P13633	P37433	25.3	310	1
P13653	Q42536	71.4	387	1
P70313	P29473	92.7	1200	1
P70473	O09174	89.5	381	1
P70496	Q13393	90.6	1074	1
P70498	P97813	95.7	933	1
P70645	Q13867	93.5	453	1
P70677	P42574	86.6	277	1
P70698	P28274	56.7	566	1
P70881	P42085	12.6	138	1
P71447	P40852	20.1	197	0
P72156	Q9Y2T3	17.8	402	0
P11653	P22033	58.3	718	1
P11792	P18961	26.4	555	1
P11801	P11275	37.6	289	1
P11838	P00798	53.7	320	1
P11889	O35710	14.8	278	0
P11926	P09057	91.5	461	1
P11959	Q04829	49.3	469	1
P12007	P26440	89.9	421	1
Q07661	P15531	60.1	147	1
Q07841	Q27743	28.8	295	1
Q07982	P25856	9.2	257	0
Q08188	P21980	37.1	677	1
Q08220	P35669	35.3	479	1
Q08225	Q9NY33	33.6	669	1
Q08291	P39464	29.4	287	1
Q08325	P28002	9.8	204	1
Q08345	Q62371	52.1	839	1
P0A858	P50921	65.4	253	1
P0A873	O67463	37.2	246	1
P0A877	P42390	30.8	259	0
P0A8M3	Q9UZ14	26.3	390	1
P0A9B2	P04797	67.9	328	1
P0A9J6	P06999	21	294	1
P0A9M5	P00492	22	117	1
P0A9Q9	P44801	72	366	1
P0A9T0	P33160	26.4	284	0
P56690	P41972	28.9	820	1
P56709	Q9HH07	78.1	553	1
P56740	P48596	7.4	99	0
P56772	P80244	41.1	189	1
P56817	P56818	96.4	501	1
P56818	P56817	96.4	501	1
P56839	P77541	27	283	0
P56868	P94556	34.7	246	1
P56926	P13188	32.3	564	1
P56965	O94760	94	285	1
P06814	P17655	94	420	1
P06815	P97571	90.3	301	1
P06858	P11151	93.8	442	1
P06870	P07288	60.3	261	1
P06986	P14909	20.5	294	1
P06988	Q9WYC9	12.9	348	0
P06992	P42596	6.1	148	1
P06999	P0A9J6	21	294	1
P39461	P08417	38.5	429	1
P39464	Q08291	29.5	285	1
P39466	P09384	9.5	141	0
P39518	O88813	31.9	627	1
P39524	P98200	43.8	1098	1
P39581	P10378	20.1	474	0
P39633	O74024	51	407	1
P39664	P23545	26.6	365	1
P39683	P18133	31.3	387	1
P06240	P06239	96.8	509	1
P06276	P04058	51.9	548	1
P06279	P00693	19.8	400	1
P06526	P09838	80.1	509	1
P06608	P10182	45.8	329	1
P06612	P46799	36.4	566	1
P06617	P81383	22.7	439	0
P06621	P44514	20.2	349	0
P06622	P32754	12.9	258	1
P35790	Q9HBU6	25	394	1
P35914	Q58595	25.4	278	0
P35916	P17948	38.1	1265	1
P35968	P17948	42.7	1292	1
P36159	Q58897	18.8	259	1
P36186	P60174	45.2	245	1
P36365	P50285	94.5	532	1
P36419	P21889	48.1	569	1
P36507	Q63932	94	400	1
O75891	P28037	91.7	902	1
O75907	O88908	22.6	404	1
O76074	P52731	26.8	746	1
O76083	O70628	84.2	512	1
O76240	P50244	70.3	356	1
O77834	P30041	95	224	1
O80585	P42898	42.8	580	1
O80840	O15305	60.4	244	1
O81346	P93147	24.8	485	1
P76458	Q01103	42.5	217	1
P76469	P23522	43.1	254	1
P76558	P00370	10.3	310	0
P77044	P47229	51	282	1
P77425	P37111	15.7	334	0
P77454	P13264	37	291	1
P77467	P30084	30.6	253	0
P16703	P47998	43	292	1
P16870	Q00493	96.6	476	1
P16885	P19174	51.3	1167	1
P16897	P62593	41	282	1
P16932	P53555	26.4	417	0
P17054	P21685	41.4	483	1
P17109	P23970	27.5	539	1
P17118	P24806	9.6	176	0
P17118	O08590	8.9	230	0
P17169	P53704	35.3	600	1
P17182	P06733	94.7	434	1
Q58723	P17743	11.5	185	1
Q58813	P32169	15.4	169	1
Q58822	O28190	45.7	305	1
Q58826	Q57888	21.2	317	1
Q58895	Q58723	13.6	142	1
Q58897	P54548	38.4	297	1
Q58923	O74025	56.1	219	1
Q58976	P77918	57.6	299	1
Q58987	O57978	52.8	230	1
Q58998	O50083	51.7	225	1
O22446	Q13547	57.1	458	1
O23087	P92939	65.4	1025	1
O23627	P38088	43.5	622	1
O23736	P46309	91.7	514	1
O24035	P31663	40	281	1
O24146	Q9S725	72	540	1
O24164	P56601	25.9	457	1
O24174	P17202	71.5	497	1
O24243	P52706	75.6	557	1
P77485	P45336	20.6	428	1
P77488	Q38854	47.2	603	1
P77510	P52687	40.8	543	1
P77541	P56839	27	283	0
P77608	P35505	10.6	198	0
P77671	Q59699	27.2	436	1
P77674	Q62148	36.7	471	1
P77690	Q9Y617	8.7	324	1
P77788	P08337	29.5	123	1
P20474	P45881	91.3	138	1
P20580	P28820	37.6	456	0
P20586	P42535	17.1	366	1
P20594	P16066	61	1035	1
P20595	P33402	32.8	585	1
P20901	P0ABH7	63.7	423	1
P20906	P37251	23.6	503	0
P20932	Q9UJM8	31.8	353	0
Q13219	Q9Z1K9	7.9	514	1
Q13393	P70496	90.6	1074	1
Q13423	P07001	50	507	1
Q13510	Q9WV54	79.2	394	1
Q13526	P40818	23.8	52	0
Q13547	P70288	84.5	482	1
Q13554	P11275	61	478	1
Q13569	P13264	13.8	105	0
Q13574	O08560	96.7	928	1
Q13867	P70645	93.6	454	1
P10349	O22446	10.5	85	0
P10378	Q01574	19.6	486	0
P10442	Q9X017	47.3	181	1
P10481	Q9UQ49	19.1	341	1
P10506	Q63932	39	330	1
P10515	P19262	25.2	426	1
P10538	P16098	66.1	486	1
P10547	Q43155	5.3	128	0
P10586	P23469	42.3	646	1
P10613	Q64654	35.2	481	1
P51649	P25526	55.3	475	1
P51687	P11035	26.8	443	0
P51688	P51691	22	406	0
P51691	P15848	23.6	419	1
P51830	P21932	24.6	1051	1
P51878	P49662	73.2	368	1
P51979	O73946	21.5	630	1
O32054	Q9WZ44	51	330	1
O32142	P76341	35	107	1
O32220	Q60048	32.7	699	1
O32449	P77044	18	266	0
O33830	P17411	20.8	423	1
O34425	P00362	61.8	333	1
O34667	Q9ZMW8	44.5	151	1
O34925	P12758	27.1	227	1
P30837	P05091	72.5	516	1
P30838	P47739	80.3	453	1
P30844	P36557	85.6	356	1
P30847	P77485	21.4	426	1
P30850	P39112	17.1	414	1
P30855	P39453	25.3	484	1
P30920	P30921	71.9	710	1
P30921	P17692	88.9	713	1
P30949	P24630	58.5	424	1
P30967	P04177	33.1	217	1
P14740	P27487	84.6	764	1
P14751	P42596	11.7	84	1
P14755	P00349	13.5	265	1
P14756	Q00971	48.8	487	1
P14780	P41245	71.9	704	1
P14868	P04802	57.5	482	1
P14882	P24182	47.9	441	0
P52903	P08559	47	380	1
P53004	P46844	83.1	295	1
P53041	P36873	36.1	292	1
P53051	P38940	18.1	430	1
P53128	Q10258	47.1	583	1
P53164	P77788	17.6	129	1
P53164	P44684	17.5	145	1
P53178	P17443	13.8	166	1
P04079	O59072	51.5	306	1
P04176	P00439	92.2	451	1
P04177	P07101	83.7	497	1
P04181	P29758	90.8	439	1
P04182	P29758	97.7	439	1
P04184	P27158	95	121	1
P04186	P00751	84	760	1
P04190	P52699	33.7	229	1
P04191	O55143	84.3	994	1
Q04829	P11959	49.3	469	1
Q05116	Q02750	91.6	393	1
Q05117	P32962	9	236	0
Q05329	P48318	62.8	571	1
Q05431	P00431	36.7	245	1
Q05469	P16386	86	752	1
Q05506	O59147	26.1	554	1
Q05514	P51183	11.8	253	0
Q05603	P29935	30.8	325	1
O64765	O74933	37.2	466	1
O64903	P47923	63.4	230	1
O65355	Q92820	29.9	314	1
O66479	P46597	8.7	141	1
O66490	P16304	44.1	203	1
O66493	P31104	51.3	384	1
O66615	Q9UWU1	33.6	113	1
O66726	P05654	40.9	280	1
P31350	P11157	91.2	389	1
P31373	P32929	49.5	385	1
P31414	P08183	10.1	609	0
P31434	Q9P999	21.5	649	1
P31512	Q99518	54.4	525	1
P31551	P14604	32.3	253	1
P31570	P29930	39.8	194	1
P31572	O09174	24	367	0
P31660	Q56063	96.3	388	1
P31663	O24035	40	281	1
P08417	P07954	65.1	487	1
P08458	Q13163	28.7	281	0
P08473	P07861	94.2	750	1
P08475	Q08499	11.7	63	0
P08515	P56598	59.9	216	1
P08524	P14324	44.1	347	1
P52704	P52705	76.7	257	1
P52705	P52704	76.7	257	1
P52706	O24243	75.6	557	1
P52708	P16675	27.5	432	0
P52731	O76074	27.3	752	1
P52788	Q9LEL6	12.4	148	0
P52850	Q02353	71	858	1
P52873	P11498	96.3	1178	1
P52878	Q59196	18.5	332	1
P52894	P14909	19.4	395	1
P23509	P15280	81.9	512	1
P23522	P76469	43	252	1
P23524	Q06210	10.3	258	0
P23526	P50250	51.2	430	1
P23533	P51183	83.1	569	1
P23538	P42850	35.5	733	1
P23540	P80022	38.8	188	1
P23545	P35164	27	538	1
P23616	P08001	16	50	0
P23687	P27487	11.9	621	0
Q43257	Q43250	50.1	495	1
Q43295	P35028	13	152	0
Q43503	Q55276	35.1	410	1
Q46381	P47227	80.7	276	1
Q46495	P22076	71.4	126	1
Q46509	P80456	18.2	864	0
Q46822	Q13907	24.2	175	1
Q46893	P23509	11.2	214	1
P00897	P09785	46.4	497	1
P00914	P21865	14.1	245	0
P00915	P16015	55.1	259	1
P00926	P20132	17.9	307	1
P00940	P60174	89	247	1
P00942	P60174	52.8	247	1
P00943	P0A858	40	249	1
P55809	Q29551	89.8	520	1
P55881	P49903	17.3	270	0
P55929	P14532	43.3	331	1
P55939	Q38882	91.6	810	1
P56065	P46462	15.7	79	0
P56076	Q10657	30.9	222	1
P56106	O31749	49.7	232	1
Q61147	P00450	83.3	1060	1
Q61176	P07824	93.4	323	1
Q61205	Q29460	94.4	231	1
Q61481	Q01064	60.5	481	1
Q61955	P07288	42.9	252	1
Q62148	P47895	69.6	511	1
Q62190	P07332	35	263	1
Q62371	Q08345	52.1	839	1
Q62867	Q92820	67.9	317	1
P07001	Q13423	50.1	508	1
P07003	P37063	29.4	564	0
P07062	P28585	10.4	254	0
P07099	P52705	8.9	232	0
P07099	P42785	9.3	340	0
P07101	P04177	83.7	497	1
P07140	P21836	34.6	583	1
P07154	P06797	94.3	334	1
P07237	P04785	93.7	507	1
P07267	P18242	43.1	318	1
Q51698	Q46509	15.6	513	0
Q51705	P94127	86.5	642	1
Q51742	P00480	46.7	306	1
Q51792	P44859	13.9	240	0
Q51947	Q9X1K9	18	282	0
Q52087	Q51645	37.3	221	1
Q52428	O26328	58	430	1
Q52880	P07363	35.3	642	1
P05041	P28820	30.8	438	1
P05050	P42220	11.3	164	1
P05062	P00883	69.7	364	1
P05089	P07824	86.9	322	1
P05091	P47738	94.8	516	1
P05108	P00189	72.7	520	1
P05156	Q61129	68.2	582	1
P37412	P61495	48.5	343	1
P37433	P13633	25.3	310	1
P37487	P95765	56.2	309	1
P37527	Q03148	58.2	288	1
P37528	O65355	12.8	176	0
P37552	P19080	18.8	68	0
P37563	O67728	24.8	303	1
P37610	P97571	6.7	148	0
Q16831	P12758	21.9	223	1
Q16850	Q64654	93.4	503	1
Q16853	O08590	82.4	763	1
Q16873	Q60860	88	150	1
Q16878	P21816	92	200	1
Q18677	Q21773	71.7	483	1
Q19564	P14920	30	318	1
Q21773	Q18677	71.7	483	1
Q21929	P50941	31.9	237	1
P14020	Q58517	7.2	172	0
P14080	P10056	65.7	348	1
P14091	P16228	83.5	394	1
P14141	P16015	97.3	260	1
P14270	Q08499	97	803	1
P14272	P03952	74.9	638	1
P14280	P39116	10.4	267	0
P14294	P06612	21.7	551	1
P14300	O88502	11.9	233	0
P32169	Q58813	14.8	178	1
P32170	P12851	12.8	357	1
P32198	Q92523	62.7	770	1
P32264	P0A7B5	33.5	365	1
P32320	P56389	81.5	146	1
P32322	Q12122	9.7	301	0
P32327	P11154	92.7	1178	1
P32328	O13310	29.7	435	1
P32329	P32951	29.6	384	1
P13661	P14489	25.2	257	1
P13667	P38659	88.4	629	1
P13674	Q14318	13.4	119	0
P13702	Q59468	21.9	339	1
P13716	P05373	52.4	328	1
P13721	Q64685	94	403	1
P13807	Q00764	8.7	440	1
P13955	Q54801	30.9	160	1
P13981	P23793	26.2	395	1
P53799	P54748	8.6	288	0
P54071	P33198	96.1	420	1
P54149	Q9UJ68	88.5	233	1
P54150	Q9UJ68	39.5	191	1
P54310	P15304	94.4	759	1
P54350	P11275	22.2	256	0
P54455	O26010	17.6	152	1
P54462	P05062	7.2	249	0
P54471	Q14353	9.2	149	1
P00722	O08590	7.1	304	0
P00727	Q10712	26.9	482	1
P00729	P16675	29	369	1
P00730	P09955	41.8	397	1
P00742	P08709	37.5	406	1
P00749	P00750	38.6	391	1
P00750	P11214	80	558	1
P00751	P04186	83.9	761	1
P51174	P12007	31	416	1
P51178	P10688	91.2	756	1
P51183	P23533	83.1	569	1
P51451	P08103	62.3	503	1
P51541	P51545	76.5	354	1
P51545	P51541	76.7	353	1
P51570	Q01415	28.1	380	1
P51580	Q9LEL5	9.5	170	1
P51584	P17439	10.7	440	1
P18485	Q06402	65.1	476	1
P18548	P42220	57.6	309	0
P18769	Q56310	23.7	570	1
P18775	O87948	25.5	742	0
P18858	Q9YD18	34.4	584	1
P18886	P23786	83.5	658	1
P18894	P14920	80.6	345	1
P18912	P00560	49	392	1
P18961	Q9WVC6	50.2	325	1
P96113	Q9FUZ2	35.9	162	1
P96142	P93736	36.2	857	1
P97490	O95622	37	1096	1
P97532	P25325	84.8	297	1
P97562	O02767	73.5	681	1
P97564	P10349	10.2	380	1
P97571	P17655	62.5	696	1
P97608	P28273	47.9	1234	1
P97697	P49441	14.1	240	1
P97813	P70498	95.7	933	1
O29632	Q9HH07	52.3	553	1
O29634	P10442	26.6	174	1
O29689	Q9Z1J3	39.2	372	1
O30011	P48570	13.3	172	0
O31410	Q9F2F0	53.6	182	1
O31440	Q16850	16.7	400	0
O31616	Q63342	23.1	338	0
O31618	P30139	48.4	251	1
O31662	P00327	4.8	123	0
O31749	P56106	49.7	232	1
P45850	P15290	96	200	1
P45881	P20474	91.3	138	1
P45974	Q9UK80	14.5	301	1
P45985	P52564	52	330	1
P45986	P28002	51.3	363	1
P46010	P32962	83.4	339	1
P46063	P35187	38.1	565	1
P46116	P35576	13	220	0
P46154	Q00796	20.2	342	0
P21890	Q55318	56.4	412	1
P21932	O95622	32.9	1052	1
P21954	P33198	60.9	416	1
P21964	P12999	8	178	1
P21980	Q08188	37.1	677	1
P22033	P11653	58.3	718	1
P22057	O09114	88.8	179	1
P22073	P54818	8.8	274	1
P22073	O02791	10.1	272	1
P22076	P20418	76.9	126	1
Q91604	Q38997	28.5	342	1
Q92179	O60704	13.5	289	1
Q92523	P32198	62.7	770	1
Q92630	O43781	58.5	576	1
Q92685	P38179	35.3	387	1
Q92729	Q15262	58.2	1381	1
Q92820	Q62867	67.9	317	1
Q92830	P16426	11.4	145	1
O09046	P81383	37.2	459	1
O09110	P46734	96.5	347	1
O09114	P22057	88.3	189	1
O09127	P54759	54.9	975	1
O09171	Q93088	92.5	402	1
O09174	P70473	89.5	381	1
O09175	P09960	35.5	596	0
O13310	P32328	29.2	428	1
O13345	P93147	18.5	479	1
P54753	P54759	54.1	936	1
P54759	O09127	55.2	967	1
P54762	P54753	67	943	1
P54802	P04062	10.4	295	1
P54818	O02791	82.5	677	1
P54829	P29350	34.8	278	1
P54839	P54874	60.8	439	1
P54868	P54869	89.3	508	1
P54869	P54868	89.3	508	1
P54871	P17425	40.3	453	1
P22259	Q9AGJ6	14.5	494	1
P22288	Q05915	96.2	241	1
P22303	P23795	92.8	613	1
P22304	P15586	17.7	440	1
P22307	P32020	89.2	547	1
P22315	P22830	88.1	420	1
P22318	Q56584	18.6	74	0
P38913	P04079	12.2	156	0
P38919	P29562	70.1	377	1
P38940	P26827	22.3	423	0
P38986	P00805	35	338	1
P38998	Q08352	16.8	309	0
P39006	P27115	8.4	76	0
P39007	O13898	15.1	240	0
P39042	P0AEB2	28.8	273	1
P39045	P39844	44.3	463	1
P39049	P98072	5.2	111	0
P23946	P18291	51.2	246	1
P23965	P42126	74.9	282	1
P23970	P17109	27.5	539	1
P24008	P31214	43.8	243	1
P24027	P20474	66.6	138	1
P24031	P15309	13.5	329	1
P24133	P54818	8	264	1
P24155	P24171	25.5	637	0
P24158	P08246	53.1	253	1
P32340	P37062	15.1	322	0
P32347	P06132	50	350	1
P32350	O35493	26.7	461	1
P32378	P32166	13.6	277	1
P32383	P10688	24.7	688	1
P32396	O42479	25.8	306	1
P32397	P56601	27.7	445	1
P32440	Q58194	64.9	338	1
P32461	O66726	11.6	179	0
P10902	P00363	30.9	487	0
P10908	P09394	17.3	231	1
P10933	P00455	80.7	360	1
P10955	P23222	54.5	375	1
P11009	P12532	79.1	417	1
P11035	P17571	74	613	1
P11073	P39116	19.2	323	1
P11151	P06858	93.8	442	1
P11152	Q06000	96.8	474	1
P11154	P32327	92.7	1178	1
Q29460	Q61205	94.4	231	1
Q29551	P55809	89.8	520	1
Q38707	Q02971	67.8	348	1
Q38854	P77488	46.5	610	1
Q38862	P42801	93.5	510	1
Q38882	P55939	91.6	810	1
Q38932	Q43503	31.7	487	1
Q38997	Q9WVC6	31.1	268	1
P07288	P06870	60.3	261	1
P07308	P13516	92.7	355	1
P07328	P26163	18.8	378	0
P07330	P18769	26.3	114	0
P07332	P54762	39.7	264	1
P07338	P00766	75.5	245	1
P07339	P18242	80.5	410	1
P07342	P37251	44.1	560	1
P07363	P09384	84.6	654	1
P07374	P18314	60.8	564	1
Q9KPS2	Q56587	90.5	414	1
Q9L1L8	P00512	41	315	1
Q9L5D6	Q92947	8.4	205	0
Q9L9I7	P11154	9.2	311	0
Q9LA06	P20231	9.8	216	1
Q9LDH0	P22033	10.2	162	0
Q9LEL5	Q9LEL6	52.6	338	1
Q9LEL6	Q9LEL5	51.8	345	1
Q9LVI8	P14656	87	354	1
O07835	P80521	17.4	329	1
O07836	P20132	8.5	117	0
O07883	O73944	56.5	206	1
O08467	Q60182	46.7	411	1
O08557	O94760	93.3	285	1
O08560	Q13574	96.7	928	1
O08590	Q16853	82.4	763	1
O08663	P38062	97.4	478	1
O08709	O35244	93.3	224	1
O08912	P55241	9.3	277	0
P30986	P56216	12.2	431	0
P30996	Q00496	60.1	1244	1
P31057	Q9ZFK4	9	212	0
P31104	O66493	51.3	384	1
P31116	Q07982	10.1	281	0
P31142	P97532	38.6	269	1
P31214	P24008	43.6	242	1
P31327	P00968	40.2	1044	0
Q00796	P42328	28.5	332	1
Q00922	P04841	76.2	662	1
Q00924	P39633	9	216	0
Q00971	P14756	48.9	488	1
Q00973	Q09200	86.8	533	1
Q00985	P05326	20.4	280	0
Q01062	O00408	92.2	910	1
Q01064	Q01065	95.8	535	1
Q01065	Q01064	95.8	535	1
P00634	P09242	24	408	1
P00644	Q9WVC6	15	141	0
P00651	P09646	47.6	130	1
P00654	P00651	30	99	1
P00655	P09646	18	127	1
P00669	P61823	83.3	150	1
P00693	P06279	19.2	394	1
P30053	O52765	40.5	416	1
P30074	Q02323	69.4	389	1
P30084	P14604	86.8	290	1
P30085	P20425	50.7	187	1
P30101	P27773	93	505	1
P30138	Q27743	13.7	103	0
P30139	O31618	48.6	250	1
P30140	Q9S498	88.8	377	1
P30181	P11387	37.5	738	1
Q60182	P12425	53.5	438	1
Q60326	Q59007	35.6	387	1
Q60352	Q9X2A4	17.6	235	0
Q60490	Q15125	73.8	226	1
Q60759	Q92947	86.3	435	1
Q60860	Q16873	88	150	1
Q61129	P05156	68.2	582	1
P00959	Q9V011	32.2	664	1
P00966	P16460	96.8	412	1
P00968	P31327	39.6	1056	0
P02794	P22337	15	169	0
P03018	P56255	42.6	712	1
P03949	P42681	35	493	1
P03951	P14272	58	624	1
P03952	P14272	74.9	638	1
P49914	P75430	18.2	160	1
P49915	P04079	28.8	508	1
P49916	P49917	20.1	665	1
P49917	Q08387	22.8	818	1
P50162	P50941	34.8	236	1
P50244	O76240	70.3	356	1
P50250	P23526	51.2	430	1
P50264	P19643	19.3	403	0
P0AEZ1	O80585	32.4	284	1
P0AFG3	P33570	13.8	603	0
P0AFG8	P33570	18.4	629	0
P0AG16	P00497	39.6	449	1
P0AGE9	P53396	30.5	279	0
P10056	P05994	80.9	341	1
P10182	Q9ZLB9	42.3	328	1
P10297	Q40772	36.7	288	1
P46926	O50083	13.7	121	0
P46971	P33775	29.2	667	1
P47039	P77806	26.9	383	1
P47047	O73946	14.6	579	1
P47058	O67050	28.7	140	1
P47176	P38891	77	375	1
Q92851	Q14790	31.6	435	1
Q92871	O15305	68.1	239	1
Q92947	Q60759	86.3	435	1
Q93088	O09171	92.5	402	1
Q93099	P42413	8.6	221	0
Q94734	P41222	16.1	179	0
Q96255	Q59196	48	360	1
Q96286	P17707	33	325	1
Q96291	P35704	63.6	188	1
Q96529	O24396	73.1	476	1
P04904	P04903	68.1	220	1
P04958	P30996	34.8	1241	1
P04964	P04406	8.9	231	0
P04993	Q9UMR2	10.8	344	0
P04994	Q9RHV9	18.6	79	0
P04995	P13382	10.8	395	0
P05020	O04904	53.7	346	1
P05024	P54707	64	1021	1
P05030	P19456	35.4	822	1
P80196	P80022	59.8	223	1
P80244	P56772	41.1	189	1
P80319	O74024	84.5	419	1
P80324	P24552	29.2	330	1
P80358	P16426	16.9	112	1
P80456	Q06278	84	1334	1
P80489	P19496	38.5	404	1
P80490	P19499	54.3	280	1
P80491	P19498	50.4	229	1
Q9Y2D0	P35218	59.7	303	1
Q9Y2J8	Q08642	93.2	665	1
Q9Y2Q0	Q29449	96	1149	1
Q9Y2T3	P72156	17.8	402	0
Q9Y3D8	P43346	10.4	160	0
Q9Y3E5	O74017	50	116	1
Q9Y4K0	P16636	45.6	222	1
Q9Y5K5	P35127	23.4	217	1
Q9Y5Y6	Q99895	34.8	243	1
Q9Y5Y6	P98072	19.5	722	1
P17854	P49915	13	162	0
P17948	P35916	37.5	1253	1
P17952	P45066	66.2	472	1
P17967	P55059	39.3	453	1
P17989	P24806	19.5	172	0
P18054	P16050	65.4	662	1
P18133	P22253	91	400	1
P18163	P41216	94.7	699	1
P80507	O59570	46.9	165	1
P80521	O07835	17.1	336	1
P80522	O07835	19.4	187	1
P80561	Q01693	17.6	356	1
P80563	O87948	23.3	746	0
P80564	P42787	12.6	87	0
P80595	O75354	27.5	411	1
P80653	P07872	9.2	203	0
P22320	P19496	24.6	385	0
P22321	P80053	9.7	196	0
P22337	P22243	86.3	396	1
P22367	Q12053	20.7	1119	1
P22411	P27487	88.3	766	1
P22455	P22607	61.5	788	1
P22513	Q27890	84.3	357	1
P22518	P49759	89.4	483	1
P22543	P06784	8.8	462	0
P94494	P10724	41.9	379	1
P94556	Q03469	34.9	263	1
P94571	P35576	14.6	179	0
P94951	P39928	16.3	106	0
P95468	P00509	45.2	391	1
P95474	Q9X2A4	17.5	240	1
P95493	P28784	60	731	1
P95607	P07773	29.4	251	1
P95690	P13382	16	774	1
P95765	P37487	56.2	309	1
P00371	P14920	84.7	347	1
P00374	P00375	89.8	187	1
P00375	P00374	89.8	187	1
P00378	P00374	75.4	183	1
P00381	Q54801	33.5	161	1
P00383	P56255	17.3	65	0
P00387	P20070	87	301	1
P00388	P16435	92.4	677	1
P00390	P41921	49.7	450	1
P00395	P00396	91.4	512	1
P29594	P55215	97.5	452	1
P29758	P04182	97.7	439	1
P29853	P53051	7.3	391	1
P29930	P31570	39.8	194	1
P29935	Q05603	30.8	325	1
P29946	P76038	10.3	177	0
P30038	P25553	25.2	468	1
P30041	O77834	95	224	1
P30044	P30041	18.6	149	1
P30046	P34884	33.9	114	0
O57861	Q9V2F4	87.2	1430	1
O57963	P56926	11.5	275	1
O57978	Q58987	52.8	230	1
O58035	P0A8M3	12.5	190	1
O58187	Q96529	31	329	1
O58214	Q9UYD1	81.8	192	1
O58321	O07883	55.7	202	1
O58441	P34945	35.3	411	1
O58801	P52429	10.7	198	1
O58810	P82385	74.1	115	1
P28891	P30431	51.7	201	1
P28997	P80053	42.8	410	1
P29051	O74024	47	408	1
P29068	P15086	24.1	373	1
P29072	Q56310	40.9	655	1
P29074	P26045	51	900	1
P29082	P25500	9.6	80	0
P29114	Q06327	55.9	846	1
P29144	Q64514	95.3	1249	1
Q01693	P80561	19.4	371	1
Q01738	P04841	15.1	485	0
Q01740	P50285	83.2	532	1
Q01782	P42556	80.2	288	1
Q01970	P10687	52.8	1184	1
Q02068	Q03217	54.8	320	1
Q02108	P19686	89.1	689	1
Q02126	P54818	11.5	240	1
Q02189	P36553	9.2	206	0
P20960	Q02068	41.4	309	1
P21161	P43387	54.8	262	1
P21164	P33124	10.9	299	0
P21182	P17707	29.3	324	1
P21218	Q42536	87.1	401	1
P21264	P09029	26.2	337	0
P21266	P46439	71.8	217	1
P21310	P35510	29.4	463	1
P21348	Q49168	76.4	297	1
P31717	O70310	97.3	496	1
P31723	O60476	32.1	442	1
P31891	P19496	20.3	391	0
P31922	P49040	72.7	800	1
P32019	Q14642	14.7	270	1
P32020	P22307	89.2	547	1
P32119	P35704	93.4	198	1
P32166	P32378	13.9	285	1
Q02323	P30074	69.4	389	1
Q02353	P52850	70	876	1
Q02394	Q58194	59.4	342	1
Q02497	Q12739	63.2	511	1
Q02499	P42850	46.3	109	0
Q02527	O94766	10	217	1
Q02555	Q9ZBQ7	24.6	233	1
Q02724	Q23977	16.8	260	0
P05314	Q58280	16.2	238	0
P05326	Q00985	20.6	275	0
P05364	P00811	69.2	377	1
P05373	P13716	52.4	328	1
P05523	P42371	35.8	265	1
P05532	P36888	29.5	909	1
P05618	P17692	86.8	713	1
P05654	O66726	40.9	280	1
P05696	Q9WVC6	39.5	354	1
Q9R4E4	Q9S400	41.2	421	1
Q9RGS8	P15586	10.8	337	0
Q9RHV9	O26328	24	412	1
Q9RZA4	Q55168	33.3	700	1
Q9S400	Q9R4E4	41.2	421	1
Q9S498	P30140	89.3	375	1
Q9S725	Q42524	81.4	554	1
P16603	P16435	31.3	643	1
P16622	P22830	48.1	362	1
P16635	Q04760	58.3	156	1
P16636	P28300	85.1	411	1
P16640	P37062	21.6	376	0
P16641	O15992	42.9	686	1
P16675	P10619	86.8	474	1
P16692	Q58897	14.8	221	0
P39054	P39055	63.9	816	1
P39055	P27619	66.3	819	1
P39112	P30850	17.1	414	1
P39116	Q01172	17.9	324	1
P39142	P07650	43.7	433	1
P39153	P32579	37.5	341	1
P39315	O24990	9.1	186	0
P39371	Q51705	7.3	314	0
P39453	P30855	25.1	484	1
P21396	Q64133	94.8	526	1
P21397	P21396	87.2	526	1
P21399	P28271	93.3	889	1
P21513	Q9UKV0	12.7	483	0
P21524	P23921	66.4	758	1
P21553	P80148	57.5	375	1
P21575	P39054	78	851	1
P21642	P07379	65.1	603	1
P35164	P23545	26.9	548	1
P35187	P15043	28.1	608	1
P35218	Q9Y2D0	62.3	287	1
P35228	Q06518	80.5	1147	1
P35354	P79208	87.8	591	1
P35355	Q05769	96	604	1
P35505	P77608	10.6	198	0
P35510	P45724	91	710	1
P35520	P47998	36.4	320	0
Q9Y5Z0	P56817	47.1	466	1
Q9Y600	Q05329	51.6	485	1
Q9Y617	Q96255	50.4	362	1
Q9Y6F1	Q9UGN5	34	505	1
Q9Y924	P23381	27.9	365	1
Q9Y948	P0A6L0	22.3	219	1
Q9Y9L0	O58966	55.7	213	1
Q9YD18	P56709	37.9	552	1
P0A6W9	P48506	12.3	405	1
P0A786	P77918	52.2	298	1
P0A7B5	P32264	33.8	364	1
P0A7E1	P32746	38	320	1
P0A7E5	P70698	42.1	529	1
P0A7Y4	P29253	52.2	154	1
P0A836	P53396	19.1	365	0
Q15262	Q92729	59.3	1399	1
Q15274	P43619	43.7	285	1
Q15418	P18961	41.8	337	1
Q15678	P26045	20.1	821	1
Q15759	Q39024	43.9	338	1
Q16134	P81383	9.5	351	0
O24396	Q96529	73.1	476	1
O24496	O35952	55.2	252	1
O24913	O69282	20	409	1
O24915	O34925	18.3	214	0
O24990	P54616	44.5	255	1
O26010	O24035	9.9	130	0
O26157	P56926	29.1	460	1
O26232	Q48907	19.8	191	0
P68187	P46920	29.9	234	1
P69327	P08017	33.1	422	1
P69441	O82514	43.3	208	1
P69924	O84835	20.5	305	1
P70080	P17752	86.8	439	1
P70236	P52564	97.9	334	1
P70245	Q15125	77.8	230	1
P70269	P16228	92.7	397	1
P70288	Q13547	85.5	478	1
P19079	P32320	50.3	127	1
P19080	P37552	19.7	67	0
P19156	P09626	97.5	1033	1
P19157	P21266	30.7	203	1
P19174	P16885	51.5	1166	1
P19262	P10515	24.4	413	1
P19367	P33284	32.7	439	1
P19449	Q16739	14.1	330	1
P19456	P05030	35.5	827	1
P36888	P05532	29.4	901	1
P36979	P27487	10.5	239	0
P37062	P16640	21	405	0
P37063	P07003	29.4	564	0
P37111	Q03154	87.7	407	1
P37146	P69924	20	297	1
P37251	P17597	45.3	566	1
P37303	O07051	38.7	332	1
P37330	P42450	54.8	715	1
P23738	P48318	22.3	438	1
P23755	P00875	57.4	469	1
P23755	P04717	58.6	473	1
P23786	P18886	83.5	658	1
P23793	P13981	25.8	396	1
P23795	P22303	92.8	613	1
P23882	P28037	30.7	292	0
P23908	P44514	23.7	356	1
P23919	Q9HZN8	23.9	192	1
P23921	P21524	66.7	752	1
P53228	P15019	68.6	332	1
P53294	Q12069	31.4	338	1
P53396	P20901	19.2	213	1
P53550	P42335	14.7	594	0
P53555	P12995	33.2	416	1
P53582	P0AE18	46.6	255	1
P53611	P69327	7.9	288	0
P53627	P04062	12.7	360	1
P07948	P08103	69.9	503	1
P07954	P08417	65.3	486	1
P07955	P11560	57.9	432	1
P07962	Q49605	61.7	544	1
P07964	P11562	56.2	245	1
P07998	P00669	71.8	148	1
P08001	Q99895	35.9	261	1
P08017	P69327	33.1	422	1
P08018	P33886	39.6	556	1
P36551	P36553	46	292	1
P36553	P36551	47	288	1
P36557	P30844	85.6	356	1
P36583	P18961	40.8	334	1
P36623	P15309	13	196	0
P36683	Q58409	23.2	398	1
P36873	P62136	96.3	303	1
P08243	P22106	34.9	515	1
P08246	P24158	54.3	238	1
P08253	P41245	42.6	645	1
P08289	P09242	97.7	524	1
P08306	Q61147	17.7	75	0
P08310	P11444	25.7	349	0
P08311	P18291	55	242	1
P08337	P77788	29.5	123	1
P08394	P56255	15.6	598	0
P08400	P23545	25.7	399	1
P32477	P48506	39.6	612	1
P32490	P32491	58.3	495	1
P32491	P32490	55.2	477	1
P32579	P39153	37.4	342	1
P32660	P98200	32.4	1096	1
P32684	P37765	30.9	245	1
P32746	Q63707	50	385	1
P32754	P32755	89.8	393	1
P32755	P32754	89.8	393	1
P32783	P25397	14.2	172	1
P25080	Q46381	10.4	148	0
P25092	P16066	29.9	929	1
P25306	P20132	27.2	303	1
P25325	P97532	84.8	297	1
P25397	P12999	11.5	167	1
P25500	P29468	37.4	524	1
P25516	Q23500	52.2	875	1
P25524	P42084	16.7	368	0
Q39021	Q39024	54.2	356	1
Q39024	Q39021	54.3	357	1
Q39243	P29509	62.7	312	1
Q39734	Q39735	93.4	952	1
Q39735	Q39734	93.4	952	1
Q39761	Q40577	46.6	542	1
Q40577	Q39761	46.6	542	1
Q40772	P10297	35.8	287	1
Q42524	Q9S725	81.4	554	1
Q42525	P33284	34.6	445	1
P00183	Q00441	21.7	366	0
P00189	P05108	72.7	520	1
P00327	P80175	34.3	361	0
P00331	P42328	42.2	337	1
P00347	P04035	93	887	1
P00349	P38720	65.5	481	1
P00362	O34425	61.8	333	1
P00363	P10902	30.9	487	0
P00367	P26443	97.8	558	1
P00370	P24295	53.2	441	1
Q59007	Q60326	35.6	387	1
Q59072	Q9Z1J3	14.9	343	0
Q59111	P76458	20.4	207	1
Q59112	P55809	17.2	197	1
Q59196	Q96255	48	360	1
Q59288	P48450	6.1	255	0
Q59468	P00347	39.9	397	1
Q59477	P07639	12.8	311	0
Q59517	P28585	42.1	285	1
P09172	P98072	6.9	362	0
P09201	P97697	12.3	255	1
P09237	P09238	45.2	258	1
P09238	P03956	51.6	457	1
P09242	P08289	97.7	524	1
P09347	P80175	26.8	341	0
P09367	P20132	75.2	327	1
P09384	P07363	84.6	654	1
P09394	P10908	17.4	227	1
P09411	P09041	83.6	417	1
P42321	P04040	51.4	479	1
P42328	P00331	42.2	337	1
P42335	P27987	76.1	925	1
P42371	P05523	35.8	265	1
P42390	P0A877	30.8	259	0
P42404	Q58644	33.8	173	1
P42413	Q46938	15.5	199	1
P42415	P37251	23.4	534	0
P42419	O50580	19	251	0
P42450	P37330	54.8	715	1
O88508	P26358	10.4	792	1
O88813	P33124	59	676	1
O88908	P35610	45.1	522	1
O93295	Q9MYU4	40.6	486	1
O94760	P56965	94	285	1
O94766	Q9P2W7	53.2	264	1
O94925	P13264	94	666	1
O95260	Q9Z2A5	80.4	513	1
O95263	O60658	64.5	810	1
P49590	P30053	21.3	400	1
P49662	P51878	69.6	372	1
P49753	O55137	76.2	419	1
P49759	O35493	79.2	479	1
P49760	O35491	96.6	498	1
P49761	O35492	88.4	638	1
P49862	Q61955	44.4	252	1
P49903	P55881	17.3	270	0
Q9UBN7	Q9UKV0	39.5	379	1
Q9UBP0	P46467	29.2	400	1
Q9UBR1	P32961	20.2	300	0
Q9UBR2	P97821	31.5	217	0
Q9UBX1	P25779	42.7	312	1
Q9UGN5	P09874	40.5	516	1
Q9UHG3	O24164	14.8	405	0
Q9UHK6	P70473	77.7	382	1
Q9UHL4	P42785	40	467	0
Q9UHN1	P56206	23	395	0
O35244	O08709	93.3	224	1
O35491	P49760	96.6	498	1
O35492	P49761	88.4	638	1
O35493	P49759	78.6	479	1
O35543	O73888	69.8	199	1
O35710	P27619	25.5	90	0
O35831	P48609	55.3	284	1
O35952	Q16775	84.7	308	1
O36014	P38821	48.8	452	1
P33402	P19686	49	670	1
P33447	P04694	38.5	401	1
P33570	P27302	75.3	661	1
P33643	Q12069	20.5	289	1
P33665	P19686	12.5	139	0
P33767	Q92820	6.6	209	0
P33775	O13898	32.9	702	1
P33886	P08018	36.7	586	1
P33981	P35761	71.5	831	1
P34059	P08842	30	452	1
Q57609	P16066	14.8	90	0
Q57661	Q9SWE5	15	110	0
Q57695	Q9X1K9	48.2	289	1
Q57705	Q57888	11.6	184	0
Q57764	P00862	14.2	144	1
Q57834	O29482	55.7	304	1
Q57843	P58314	33.4	259	0
Q57878	P28720	25.3	332	1
Q57880	P15565	11.7	141	1
Q57888	Q58826	21.2	317	1
P24552	P80324	29.8	323	1
P24604	P42681	60.2	472	1
P24630	P30949	58.5	424	1
P24806	P54818	8.8	175	0
P24817	P24478	57.8	272	1
P25006	P38501	78.5	376	1
P25051	P07862	27.9	295	0
P25052	P27505	17.3	201	0
P40351	P38179	10.9	415	1
P40363	P10619	6.3	248	0
P40376	P05986	47.1	386	1
P40417	Q39021	48.1	343	1
P40545	P30140	11.2	195	0
P40562	P38919	12.5	371	1
P40719	P45336	43.7	443	1
P40818	Q9UK80	24.6	525	1
P40852	P71447	20.1	197	0
P40859	Q63342	19.3	365	0
O00115	O62855	74	359	1
O00141	Q9WVC6	96.5	431	1
O00167	Q23977	19.4	260	0
O00408	Q01062	92.2	910	1
O00442	P46849	31	336	1
O00469	O64765	9.6	218	0
O00746	P15531	57.5	146	1
O00767	P13011	83	358	1
O02655	P17707	40.9	325	1
P33025	P14540	7.6	236	0
P33121	P18163	85.5	698	1
P33124	P33121	65	695	1
P33160	P0A9T0	26.4	284	0
P33198	P54071	96.1	420	1
P33284	P04806	70.7	484	1
P33315	P23254	71.3	680	1
P33316	P33317	52.7	143	1
P33317	P33316	52.7	143	1
Q99487	P23687	8.7	217	0
Q99518	P17635	86.3	535	1
Q99798	P16276	96.9	779	1
Q99895	Q9UNI1	50.8	242	1
Q9AGJ6	P07379	50.8	594	1
P22894	P03956	56.9	464	1
P22907	P30855	14.8	192	0
P22936	Q9WYJ7	32.9	277	0
P22983	Q39734	55.4	866	1
P22984	P30855	7.6	311	0
P23219	P05979	91.9	585	1
P23222	P10955	54.5	375	1
P23225	Q43155	83	1515	1
P23228	P17425	84	520	1
P23234	P37063	17.8	515	0
P75820	P81717	22.4	132	1
P75823	O07051	52.8	332	1
P75876	P55135	14.3	234	1
P75966	P37765	32.9	164	1
P76038	P0A7E5	17.6	208	0
P76215	Q01693	9	262	0
P76216	O94760	8.4	265	1
P76251	P37412	35.3	349	1
P76341	O32142	35	107	1
Q9ZHI0	O87703	48.4	659	1
Q9ZLB9	P00805	49.8	329	1
Q9ZLT0	P56868	35.6	241	1
Q9ZMW8	O34667	44.5	151	1
Q9ZNZ7	Q43155	84.8	1509	1
Q9ZU38	O50083	40.1	227	1
O95394	Q9P4V2	47.7	521	1
O95573	Q63151	92.3	720	1
O95622	Q04400	95.4	1259	1
O95822	P22567	11.5	132	0
O95865	O08557	49.2	274	1
O96017	P22216	27.1	431	0
P00175	Q9UJM8	39	348	0
Q06173	P18187	64	313	1
Q06174	O55137	10.7	206	0
Q06210	P53704	54.3	694	1
Q06278	P48034	86.8	1338	1
Q06327	P29114	55.7	849	1
Q06401	P00363	13.3	373	0
Q06402	P18485	65.3	473	1
Q06518	P35228	80.5	1147	1
Q06749	O52195	62.7	361	1
P18187	Q06173	64	313	1
P18242	P24268	90.9	407	1
P18291	P08311	55	242	1
P18293	P16066	90.8	1057	1
P18314	P07374	60.8	564	1
P18315	P07374	54.8	91	1
P18316	P07374	60	99	1
P18417	Q51705	9	295	0
P18429	P29318	10.8	158	0
P50579	P38062	94.9	478	1
P50582	P06239	11.5	283	0
P50583	Q13907	16	131	0
P50740	P00175	18.8	298	0
P50921	P0A858	65.4	253	1
P50941	Q21929	31.9	237	1
P51016	Q58595	20	314	0
P51094	Q01330	16.7	365	1
P27362	P00560	60.9	413	1
P27487	P22411	88.3	766	1
P27505	P25052	17.3	201	0
P27616	O57978	27.6	233	1
P27619	P39055	66.3	820	1
P27623	O26010	20.1	119	1
P27652	P22643	18.3	283	0
P27707	P43346	93.4	260	1
P27773	P30101	93	505	1
P41921	P00390	47.1	470	1
P41972	P56690	28.6	819	1
P42084	P72156	18.5	378	0
P42085	P41216	11.8	151	0
P42106	P75713	12.3	211	0
P42126	P23965	74.5	282	1
P42206	P08310	17.5	351	0
P42220	P18548	57.6	309	0
P42293	Q9UQ49	9.3	300	1
P05793	P42328	11.4	160	1
P05979	P23219	92	581	1
P05982	Q64669	93.7	274	1
P05986	P40376	47.2	387	1
P05994	P10056	80.9	341	1
P06132	P32347	50	350	1
P06239	P06240	96.8	509	1
P49189	P05091	41.1	478	1
P49326	P97872	84	533	1
P49333	P39453	18.1	591	1
P49419	P25526	29.4	469	1
P49421	O87703	49.6	657	1
P49426	P14280	11.5	243	0
P49441	P97697	14	237	1
P49448	P26443	93.9	558	1
P16016	O42479	9.5	240	0
P16027	P19573	8.9	369	0
P16050	P12530	80.9	662	1
P16066	P18293	90.8	1057	1
P16095	P42630	73.7	454	1
P16096	P00883	46.8	340	1
P16098	P10538	66.6	484	1
P16184	P17719	28.5	180	1
P16228	P70269	92.7	397	1
P16276	Q99798	96.9	779	1
Q01103	P76458	42.5	217	1
Q01172	P39116	17.4	321	1
Q01289	Q42536	80.5	398	1
Q01330	P31922	10.3	364	1
Q01341	O95622	65.2	1138	1
Q01401	P30538	23.2	578	1
Q01415	P51570	27.8	380	1
Q01574	P10378	19.6	486	0
Q01581	P17425	94.8	520	1
P15587	P24300	94.3	387	1
P15623	Q60182	17.3	400	1
P15651	P12007	35.4	405	1
P15848	P34059	26.4	443	1
P15907	Q64685	79.5	403	1
P15917	O88502	10.3	375	0
P15925	P28274	11.6	297	0
P16015	P14141	97.3	260	1
Q12737	Q12739	18.5	398	0
Q12739	Q02497	63.2	511	1
Q12882	Q28943	92.6	1025	1
Q12913	P23467	25.4	1087	1
Q12923	P43378	30.9	270	1
Q13085	P24182	31	443	0
Q13087	P07237	45.5	501	1
Q13126	P81989	17.6	225	1
Q13162	P32119	69.7	195	1
Q13163	Q63980	35.4	315	1
P12013	P38720	47.4	465	1
P12047	Q9X0I0	51.2	427	1
P12277	P06732	80.5	381	1
P12281	P13009	15	89	0
P12295	P13051	57.1	216	1
P12337	P06276	31.8	514	1
P12425	Q60182	53.5	438	1
P12527	P48999	97.6	673	1
P12530	P16050	81.1	662	1
P12532	P11009	79.1	417	1
P30307	P15304	14.8	255	0
P30431	P15167	64.6	375	1
P30538	Q01401	22	599	1
P30566	P12047	26.5	419	1
P30636	P38435	14.6	96	0
P30711	P21161	28.3	216	0
P30793	P22288	92.1	241	1
Q05756	P09832	43.6	461	1
Q05769	P35355	96	604	1
Q05915	P22288	96.2	241	1
Q06000	P11152	96.8	474	1
Q06063	P53759	23.1	314	1
Q06121	Q43157	12.9	224	0
Q06124	P29350	54.4	587	1
P00805	Q9ZLB9	49.8	329	1
P00808	P28585	38.7	287	1
P00811	P05364	69.2	377	1
P00813	P56658	88.7	363	1
P00817	Q15181	51.7	280	1
P00830	P10719	73.7	503	1
P00862	Q57764	12.8	143	1
P00875	P04717	94.3	475	1
P00883	P05062	69.7	364	1
P81409	O57861	76	1262	1
P81535	O58885	80.1	348	1
P81717	P75820	22.4	132	1
P81989	Q13126	17.7	233	1
P82197	P0A9J6	15.5	237	1
P82385	O58810	74.1	115	1
P87355	O00746	63.3	173	1
Q58407	Q58037	26.7	273	1
Q58409	Q99798	25.8	402	1
Q58517	P23509	15.7	188	1
Q58546	P0A9B2	17.8	287	1
Q58595	Q12122	33.4	398	1
Q58597	Q9UZ14	48.1	606	1
Q58635	Q9UZ14	19.2	350	1
Q58644	P42404	33.8	173	1
Q58661	O64903	46.4	140	1
O59952	O42807	26.6	260	1
O60231	O73946	13	498	1
O60476	P31723	31.4	443	1
O60658	O95263	62.9	824	1
O60704	P16304	11.1	175	0
O60733	Q13574	24	122	0
O60911	P07711	77.2	333	1
O62855	O00115	76.1	347	1
O64437	Q38862	87.6	510	1
P73283	P22367	23.9	393	1
P73335	Q18677	10.4	244	0
P73832	P29946	18	93	0
P74881	Q9X0X3	17.8	580	1
P75070	P04184	32.6	183	1
P75430	P49914	18.4	157	1
P75713	P42106	12	212	0
P75782	P55135	9.9	172	1
P75817	P55135	21.5	321	1
Q9X1K8	P04036	30.3	213	1
Q9X1K9	Q57695	48.2	289	1
Q9X278	Q9WYB1	21.2	324	1
Q9X2A4	P22567	28.1	269	0
Q9X4Q6	Q57095	91.9	210	1
Q9X4Q8	Q56584	91.1	405	1
Q9Y2B2	O48741	10.7	117	0
P17202	O24174	71.5	497	1
P17411	O33830	20.8	423	1
P17425	Q01581	94.8	520	1
P17439	P04062	86.4	515	1
P17443	Q01330	16	318	1
P17554	P08018	6.3	175	0
P17571	P11035	73.7	615	1
P17597	P37251	45.9	564	1
P17635	Q99518	86.3	535	1
Q14642	P32019	14.7	270	1
Q14693	Q23977	14.2	439	0
Q14703	Q9WTZ3	96.7	1052	1
Q14790	P70677	33.7	268	1
Q15031	P96142	18.2	615	1
Q15067	P07872	88.5	660	1
Q15125	P70245	77.8	230	1
Q15126	Q9UX83	9.7	166	1
Q15131	P48609	43.4	286	1
Q15181	P00817	51.7	280	1
P21643	P48776	96.3	406	1
P21685	P17054	41.4	483	1
P21762	Q06830	44.3	191	1
P21803	Q04589	70.4	809	1
P21816	Q16878	92	200	1
P21836	P23795	89.9	613	1
P21860	P48025	32.8	277	1
P21865	Q55168	18.4	392	1
P21889	P36419	48.1	569	1
Q08352	P07001	28.6	352	0
Q08387	P49917	22.7	815	1
Q08462	P26769	95.3	1085	1
Q08493	P54748	63.3	689	1
Q08499	P14270	97	803	1
Q08642	Q9Y2J8	93.2	665	1
Q08647	Q57261	16.6	302	1
Q08828	P19754	91.7	1119	1
P08559	P52903	47	380	1
P08619	P49050	45.6	827	1
P08658	P26876	43.6	284	1
P08690	P00459	11.7	194	0
P08709	P00742	37.5	413	1
P08838	P23533	66.8	567	1
P08839	P51183	50.7	567	1
P08842	P34059	29.1	470	1
P08897	P18291	27.5	236	1
P08922	P07332	41.3	264	1
Q9UJ68	P54149	88.5	233	1
Q9UJM8	Q07523	44.3	351	1
Q9UK80	P40818	24.6	513	1
Q9UKK3	P09874	20	535	1
Q9UKV0	P56524	52.2	933	1
Q9ULC6	Q9UM07	56.6	657	1
Q9ULW8	Q9UM07	55.6	655	1
Q9UM07	Q9ULC6	56.6	657	1
Q9UMR2	P29562	38	383	1
Q9UNI1	Q99895	50.8	242	1
P00396	P00395	91.4	512	1
P00431	Q05431	36.7	245	1
P00432	P04762	90.8	527	1
P00433	Q05431	21.9	229	1
P00439	P04176	92.2	452	1
P00441	P00442	81.8	152	1
P00442	P00441	81.8	152	1
P00450	Q61147	83.3	1060	1
P00452	P23921	26.7	698	1
P29465	P19449	10.7	320	1
P29466	P29452	61.3	400	1
P29468	P25500	37.4	524	1
P29473	P29474	94.1	1203	1
P29474	P29473	94.2	1203	1
P29475	P29476	93.5	1429	1
P29476	P29475	93.5	1429	1
P29477	Q06518	94.1	1144	1
P29509	Q39243	62.7	312	1
P29562	P38919	68.3	388	1
Q53554	P80148	44.4	366	1
Q53586	P32754	45.8	361	1
Q53728	P70498	11.8	354	1
Q54801	P13955	30.9	160	1
Q55012	Q03471	14.4	295	1
Q55168	Q9RZA4	33.3	700	1
Q55276	Q43503	35.1	410	1
P24171	P24155	25.5	637	0
P24182	P14882	47.9	441	0
P24268	P18242	90.9	407	1
P24295	P00370	53.2	441	1
P24300	P15587	94.3	387	1
P24478	P09989	96.5	289	1
P24481	P35510	81.4	715	1
P46309	O23736	91.7	514	1
P46413	P48637	88.1	474	1
P46419	P46439	46.9	213	1
P46436	P56598	26.6	193	1
P46439	P21266	71.8	217	1
P46452	Q60099	9.9	156	0
P46462	Q9UBP0	34.6	279	1
P46467	Q9UBP0	28.7	394	1
P46597	Q9LEL6	18.9	333	1
Q42536	P21218	87.1	401	1
Q42553	Q13907	51.5	227	1
Q42843	P28462	29.9	412	1
Q43056	P28012	80.1	217	1
Q43127	P14655	76.9	424	1
Q43155	P23225	83	1515	1
Q43157	P32746	10.9	251	0
Q43250	Q43255	57.1	525	1
Q43255	Q43250	57.1	525	1
P07378	P18912	46.2	391	1
P07379	P21642	63.4	621	1
P07445	P56221	9.7	118	0
P07511	P34896	92.1	483	1
P07639	Q59477	13.4	314	0
P07650	P39142	43.7	433	1
P07686	P49010	29.5	471	1
P07711	O60911	77.2	333	1
P52097	P37563	23.1	417	1
P52270	P04789	73.8	249	1
P52278	P47229	20	257	0
P52391	P31922	9.4	147	0
P52429	O08560	28.8	480	1
P52564	P70236	97.9	334	1
P52687	P77510	40.7	544	1
P52699	P04190	33.6	230	1
P52700	O24496	16.3	159	0
P14904	O36014	32.3	453	1
P14909	Q56232	29.5	381	1
P14920	P00371	84.7	347	1
P15019	P53228	68.6	332	1
P15042	O87703	48.5	653	1
P15043	P35187	28.7	608	1
P15086	P09955	83.4	416	1
P15088	P09955	50.4	412	1
P15093	Q54801	27.1	154	1
P15104	P15105	94.6	373	1
P45336	P40719	43.7	443	1
P45395	P42404	19.5	171	1
P45523	Q14318	21.6	102	1
P45578	P44007	69.2	166	1
P45724	P35510	90.7	712	1
P45725	Q9SS45	80.9	692	1
P45741	P22337	7.8	272	0
P45748	P39153	32	173	1
Q9V1A5	Q9WZW0	30	267	1
Q9V2F4	O57861	87.2	1430	1
Q9VUF8	P05108	21.9	483	0
Q9WTZ3	Q14703	96.7	1052	1
Q9WV54	Q13510	79.2	394	1
Q9WVC6	O00141	96.5	431	1
Q9WVT6	Q16790	38.6	307	1
Q9WY73	P17952	28.4	437	1
Q9WYB1	P38502	57.7	398	1
Q9WYC9	P49419	16.4	377	1
P26440	P12007	89.9	421	1
P26443	P00367	97.8	558	1
P26512	Q57991	30.5	393	1
P26637	P96142	14.6	752	1
P26769	Q08462	95.3	1086	1
P26827	P30921	68	709	1
P26829	P29509	29.6	300	0
P26841	P43886	17.2	107	1
Q49610	P21348	61.6	293	1
Q50539	P32327	7.8	217	0
Q50940	P00915	29.6	217	1
Q51344	P0A9Q9	69.2	366	1
Q51344	P44801	67	368	1
Q51507	P37433	14.2	83	0
Q51508	P38051	24.9	416	1
Q51645	Q52087	37.3	221	1
Q51697	Q46509	36.9	150	0
P26876	P08658	43.6	284	1
P26918	P52699	20.5	229	1
P26997	P15587	57.8	381	1
P27000	O26157	26.8	266	1
P27115	Q16739	8.8	226	1
P27116	P07805	37.5	371	1
P27158	P04184	95	121	1
P27213	Q03393	81.2	144	1
P27302	P33570	75.3	661	1
P27338	P56560	91.5	520	1
P50285	P36365	94.5	532	1
P50294	P50295	81.7	290	1
P50295	P50294	81.7	290	1
P50308	P56153	49.1	168	1
P50336	P56601	28.2	440	1
P50384	P39142	15.8	298	1
P50440	P50442	95.5	423	1
P50442	P50440	95.5	423	1
P50528	P07934	33.3	255	1
P50554	P80147	91.4	500	1
Q9Z0H0	P50582	20.7	383	1
Q9Z1J3	O29689	39.2	372	1
Q9Z1K9	P78536	92.1	824	1
Q9Z1T6	P51451	10.5	323	0
Q9Z2A5	O95260	80.8	512	1
Q9Z2W0	O36014	46.5	458	1
Q9ZBQ7	Q9X0I6	39.9	226	1
Q9ZFK4	P45251	66.7	281	1
Q9ZFM2	P05618	10.4	393	0
P22088	P26876	36.7	305	1
P22106	P08243	34.9	515	1
P22133	Q07841	20.1	293	1
P22185	P21575	16.6	96	0
P22211	Q23977	13.7	450	0
P22216	O96017	26	444	0
P22243	P22337	86.3	396	1
P22253	P18133	91	400	1
Q9HWR3	Q9RZA4	27.8	696	1
Q9HZN8	P23919	23.9	192	1
Q9I4W3	Q9JZR4	51.5	291	1
Q9I7A8	Q9FUZ2	35.2	168	1
Q9JIA7	Q9NRA0	83	616	1
Q9JIY5	P20231	13.8	226	1
Q9JZR4	Q9I4W3	51.5	291	1
Q9K3J3	Q07841	21.3	297	1
Q9KPS1	Q56586	86.5	446	1
P00760	P00761	82.2	231	1
P00761	P00760	82.2	231	1
P00766	P07338	75.5	245	1
P00784	P10056	72	343	1
P00785	P10056	40.4	339	1
P00794	P14091	48.9	375	1
P00797	P24268	41.3	394	1
P00798	Q06902	66.5	311	1
P29208	P09104	10.8	261	1
P29253	P0A7Y4	55.4	145	1
P29294	Q28824	87.5	1145	1
P29295	P48729	61.6	305	1
P29317	Q03145	92.7	975	1
P29318	P54759	62.5	977	1
P29350	Q06124	54.4	587	1
P29372	Q9R0K7	10.5	76	0
P29452	P29466	61.3	400	1
O82514	P16304	46.9	211	1
O82827	Q12122	9.1	230	0
O84835	P11157	28.2	282	1
O86224	P49760	13.2	201	0
O86309	P50295	29.2	250	1
O87703	P49421	49.6	657	1
O87948	P18775	25.5	742	0
O88351	P25092	15.1	282	0
O88496	P38435	88.1	758	1
O88502	O60658	79	822	1
P35559	P14735	95.4	1019	1
P35575	P35576	88.5	357	1
P35576	P35575	88.5	357	1
P35590	Q02858	45.4	1084	1
P35610	O88908	45.1	522	1
P35669	Q08220	35.3	479	1
P35704	P32119	93.4	198	1
P35738	Q38854	16.9	306	0
P35761	P33981	71.4	831	1
P14555	P24027	45.8	138	1
P14604	P30084	86.8	290	1
P14646	Q07343	96.6	736	1
P14654	P14656	85.6	356	1
P14655	Q43127	76.9	424	1
P14656	P38561	94.3	356	1
P14679	P11344	85.7	529	1
P14680	O43781	26.6	563	1
P14735	P35559	95.4	1019	1
P41216	P18163	94.7	699	1
P41222	P22057	69.3	189	1
P41245	P14780	72.2	704	1
P41277	P40106	92.4	250	1
P41543	P04825	10.8	178	0
P41562	P33198	70	407	1
P41743	Q9WVC6	39.4	361	1
P41808	Q39021	36.9	337	1
Q16647	Q64654	19.2	455	0
Q16719	P77806	9.2	348	0
Q16720	Q9R0K7	82.8	1197	1
Q16739	P19449	15.9	325	1
Q16769	Q03154	11.3	257	0
Q16774	Q64520	88.2	196	1
Q16775	O35952	84.7	308	1
Q16790	Q9WVT6	38.3	307	1
O50660	O52195	86.5	372	1
O52195	O50660	86.5	372	1
O52250	P42588	22.9	394	1
O52765	P30053	40.5	416	1
O52980	Q14318	16.3	86	1
O55137	P49753	76.2	419	1
O55143	P04191	84.3	994	1
O57478	O42479	80.4	400	1
O57728	P00830	12.8	456	1
P42535	P20586	16.8	366	1
P42556	Q01782	80.4	287	1
P42574	P70677	86.6	277	1
P42575	P29594	89.6	452	1
P42588	P29758	28.6	419	1
P42593	P09832	16.9	305	0
P42596	Q58293	9.8	224	1
P42630	P16095	73.7	454	1
P42681	P24604	60.7	466	1
O13837	P17649	48.8	459	1
O13898	P33775	32.9	702	1
O14370	P47176	51	369	1
O14556	P56649	67.6	330	1
O14684	Q16873	19.4	126	0
O14733	Q23977	53.5	384	1
O14735	P97490	12.5	176	0
O14773	Q60106	18.6	508	0
O14832	P18548	11.6	202	0
O15075	P11275	39.3	284	1
P38604	P48450	39.4	702	1
P38605	P48450	43.9	688	1
P38627	P28274	78.8	566	1
P38659	P13667	88.4	629	1
P38698	P95765	17	294	1
P38720	P00349	65.5	481	1
P38793	Q58293	16.3	323	1
P38821	O36014	48.8	452	1
P38891	P47176	77	375	1
Q9SCY0	Q9SGC1	58.1	556	1
Q9SD76	Q00764	11.3	384	1
Q9SF85	Q9LZG0	92.4	343	1
Q9SGC1	Q9SCY0	58.1	556	1
Q9SNN0	P07805	16.6	365	1
Q9SS45	P35510	80.2	704	1
Q9SWE5	P54616	7.6	182	0
Q9T0P4	Q43155	84.4	1515	1
Q9TRC7	P19801	80.7	743	1
Q9TVW2	Q9SF85	33	323	1
O15217	P04904	54	220	1
O15269	O15270	26.6	382	1
O15270	O15269	24.6	433	1
O15294	Q14318	19.7	143	0
O15296	P12527	41.6	667	1
O15305	Q92871	68.1	239	1
O15382	P54687	56.1	383	1
O15496	P24027	34.1	120	1
O15992	P16641	42.9	686	1
P91885	P91887	65.2	940	1
P91887	P91885	65.2	940	1
P91938	P41921	32	469	1
P91953	P09238	27	418	1
P92939	O23087	65.2	1028	1
P93147	P93149	29.9	472	1
P93149	P93147	29.9	472	1
P93736	P96142	36.2	857	1
P93836	Q53586	33.3	362	1
P94127	Q51705	86.5	642	1
P04789	P48499	69.6	250	1
P04797	P04406	94.2	332	1
P04799	P10632	28.9	469	1
P04802	P14868	57.5	482	1
P04806	P33284	70.7	484	1
P04825	P91887	15.8	795	1
P04830	P30921	66.5	713	1
P04841	Q00922	76.2	662	1
P04903	P04904	68.1	220	1
P56109	Q55664	39.2	305	1
P56122	P31104	31.8	327	1
P56153	P50308	49.4	169	1
P56192	Q9V011	34	597	1
P56194	O52765	41.5	417	1
P56206	O23627	28.2	466	1
P56216	P30986	12.9	449	0
P56218	P38062	35.5	289	1
P56221	P11275	10.4	142	0
P56255	P03018	42.7	710	1
P10619	P16675	86.8	474	1
P10632	P04799	29.2	471	1
P10687	Q9NQ66	97.3	1216	1
P10688	P51178	91.2	756	1
P10719	P00830	76.1	489	1
P10724	P94494	42.1	377	1
P10746	P0A786	11	206	0
P10799	P14377	19	403	1
P10869	Q57991	29.6	445	1
P97821	P53634	77.7	462	1
P97864	P55210	82.1	303	1
P97872	P49326	84	533	1
P98002	P00395	51.3	505	1
P98005	P98002	41.4	516	1
P98072	P98073	81.1	1019	1
P98073	P98072	81.1	1019	1
P98191	P14270	9.6	371	0
P98194	O75185	66.8	884	1
P98200	Q9NTI2	94.5	1144	1
P00560	P27362	60.9	413	1
P00563	P06732	96.5	381	1
P00582	P19821	36.1	824	1
P00586	P25325	58	296	1
P00590	P15304	12.6	174	1
P00591	P11151	27	400	1
P00592	P00593	81.2	144	1
P00593	P00592	81.2	144	1
P00596	P00598	95.8	146	1
P00598	P00596	95.8	146	1
P28650	Q96529	45.6	450	1
P28720	Q57878	25.3	332	1
P28784	P95493	60	731	1
P28820	P20580	37.6	456	0
P28829	P10506	28.6	253	0
P28861	P20070	19.4	227	0
P48499	P04789	69.6	250	1
P48506	P19468	94.1	637	1
P48567	Q9WZW0	22.3	207	1
P48570	Q12122	90.8	425	1
P48596	Q05915	58.9	241	1
P48609	O35831	54.7	281	1
P48637	P46413	88.1	474	1
P48728	Q63342	22.7	359	0
P48729	P29295	61.6	305	1
P48775	P48776	88.6	406	1
O26328	Q52428	58	430	1
O28050	O59651	54.9	717	1
O28126	P25500	10.8	346	1
O28190	Q58822	45.7	305	1
O28362	O59425	34.5	82	1
O29313	Q9HH09	43.6	457	1
O29482	Q57834	55.7	304	1
O29610	P76251	27.5	339	1
P28241	O29610	28.9	339	1
P28248	P33316	26.3	88	0
P28271	Q63270	96.4	889	1
P28273	P97608	47.8	1234	1
P28274	P38627	78.8	566	1
P28300	P16636	85.1	411	1
P28305	P0AB80	20.1	261	0
P28462	Q42843	30.1	412	1
P28585	Q47066	79.3	291	1
P37634	P55135	10.3	147	1
P37747	Q48485	38.2	360	1
P37765	P32684	30.9	245	1
P37869	P09104	51.2	414	1
P37981	O59570	53.7	175	1
P38038	P00388	26.4	586	0
P38051	Q51508	24.9	416	1
P38062	P50579	94.9	478	1
P38088	O23627	43.6	620	1
Q11203	Q02734	97	374	1
Q12053	P22367	21.2	1121	1
Q12069	P53294	31.4	338	1
Q12122	P48570	91	424	1
Q12178	O67050	22.6	134	1
Q12284	P27882	28	113	1
Q12320	O24496	31.4	251	1
Q12556	P12807	32.3	633	1
Q12674	P98200	27.3	1074	1
P03956	P22894	56.9	464	1
P03958	P56658	85.4	351	1
P03962	P11154	11.1	238	0
P04035	P00347	93	887	1
P04036	Q9X1K8	29.5	213	1
P04040	P04762	88.9	527	1
P04043	P55135	9.9	142	1
P04058	P23795	58.4	536	1
P04062	P17439	86.4	515	1
P04072	Q14703	24.7	255	1
P80030	O24990	28.8	253	1
P80053	P28997	42.6	412	1
P80064	Q53586	30	341	1
P80078	P30855	12.5	116	0
P80108	P80109	81.7	839	1
P80109	P80108	81.7	839	1
P80147	P50554	91.4	500	1
P80148	P21553	57.6	374	1
P80175	P00327	34.3	361	0
O58885	P81535	80.1	348	1
O58966	Q9Y9L0	55.7	213	1
O59072	P04079	51.5	306	1
O59147	Q05506	26	549	1
O59425	O28362	34.9	81	1
O59570	P37981	53.7	175	1
O59650	O74024	86.4	419	1
O59651	O28050	55	716	1
O59828	P10724	29	356	1
P39730	P56524	13.9	315	0
P39844	P39045	44.2	464	1
P39849	P80175	32	361	0
P39898	P46925	65.5	452	1
P39928	P30855	18	383	1
P40034	P45850	12.1	83	0
P40051	O58885	21.2	340	0
P40106	P41277	92.4	250	1
O66990	P77671	27.4	404	1
O67050	P47058	28.7	140	1
O67082	Q9X0I6	34.5	214	1
O67463	P0A873	37.2	246	1
O67728	P37563	24.8	303	1
O69282	O24913	20.5	416	1
O70293	Q63651	46.1	555	1
P47923	O64903	63.4	230	1
P47998	P16703	42.1	298	1
P48025	Q64725	97.2	629	1
P48034	Q06278	86.8	1338	1
P48318	Q05329	64.2	584	1
P48439	P27773	13.2	115	0
P48449	P48450	84.3	732	1
P48450	P48449	84.3	732	1
P48452	P62136	34	295	1
P48491	P60174	60.7	245	1
O02767	P97562	73.5	681	1
O02791	P54818	82.5	677	1
O04904	P05020	53.7	346	1
O04905	P20425	55.3	182	1
O05207	P0AES6	11.3	361	1
O05510	P54495	25.5	274	1
O05701	Q50539	14.1	210	0
O06961	Q9WYB1	45.5	388	1
O07051	P75823	52.8	332	1
P48776	P21643	96.3	406	1
P48825	P11498	13.4	238	0
P48999	P12527	97.6	673	1
P49010	P07686	29.3	478	1
P49017	P15565	9.2	244	1
P49040	P31922	73	797	1
P49050	P08619	45.2	828	1
P08954	P10687	13.7	167	0
P09029	P21264	26.2	337	0
P09041	P09411	83.6	417	1
P09057	P11926	91.5	461	1
P09099	P19367	8.2	301	1
P09104	P06733	83.9	431	1
P09144	P00395	10.5	429	0
P09147	Q14376	52.3	336	1
P09148	Q03249	55.6	344	1
P09169	P17811	47.6	309	1
P56389	P32320	81.5	146	1
P56524	Q9UKV0	53.4	932	1
P56526	Q9C0Y4	44	923	1
P56542	O62855	72.5	351	1
P56560	P19643	86.5	520	1
P56598	P08515	59.9	216	1
P56601	P32397	27.7	445	1
P56649	P04406	72.4	329	1
P56653	Q55777	18.9	130	1
P56658	P00813	88.7	363	1
O74024	O59650	86.4	419	1
O74025	Q58923	56.1	219	1
O74933	P43123	53.7	468	1
O75106	Q16853	65.3	754	1
O75185	P98194	66.8	882	1
O75354	P80595	27.3	408	1
O75390	Q53554	24.6	355	1
O75715	P21762	10.6	151	1
O75716	P50528	25.1	261	1
O75844	P00395	11.1	359	0
P43409	P43408	79.6	192	1
P43410	P43408	81.7	192	1
P43411	P43408	74.4	192	1
P43619	Q15274	44.1	282	1
P43623	P06721	39	333	1
P43886	P26841	22.2	80	1
P44007	P45578	69.2	166	1
P00455	P10933	80.7	360	1
P00459	P70698	8.9	230	0
P00480	Q51742	46.7	306	1
P00492	P00497	16	110	1
P00497	P0AG16	39.6	449	1
P00509	P95468	45.2	391	1
P00512	Q9L1L8	41	315	1
P00528	Q04736	46.7	536	1
P00557	P21803	9.7	268	0
Q02734	Q11203	97	374	1
Q02750	Q63980	97.7	393	1
Q02846	P20594	32.1	974	1
Q02858	P35590	45.4	1085	1
Q02880	P11388	67.2	1524	1
Q02971	Q38707	67.8	348	1
Q03018	P95493	13.6	226	1
Q03145	P29317	92.7	975	1
O42479	P22830	80.9	401	1
O42807	O59952	26.6	260	1
O43123	P56598	13.3	189	0
O43123	P21266	11.7	186	0
O43462	Q00722	10.7	139	0
O43520	P98200	38.5	1096	1
O43781	Q92630	58.5	586	1
O48741	Q01289	77.9	396	1
O50083	Q58998	51.7	225	1
O50580	P42419	19	251	0
Q08877	P21575	77.9	851	1
Q09200	Q00973	86.8	533	1
Q09472	Q12923	10	1492	0
Q10258	P53128	47.1	583	1
Q10657	P00940	64.4	245	1
Q10712	P00727	28.3	484	1
Q10714	P24155	13	509	0
P08078	P50440	36.9	334	1
P08103	P07948	69.9	503	1
P08148	P14646	12.5	40	0
P08164	O59072	19.3	172	0
P08165	P09832	18.1	308	0
P08165	Q05756	16.2	308	0
P08176	P43235	27.7	307	1
P08183	P12866	25.1	1217	1
P08202	P18293	9.8	249	0
P55210	P97864	82.1	303	1
P55211	P29594	28.2	393	1
P55215	P29594	97.5	452	1
P55217	P13254	36.8	385	0
P55241	P23509	43.1	507	1
P55263	P55264	91.1	361	1
P55264	P55263	91.1	361	1
P55265	P78563	25.8	683	1
P55301	P21348	64.6	297	1
P55772	Q9MYU4	63.8	506	1
P13009	P52873	13.6	248	0
P13011	O00767	83	358	1
P13051	P12295	57.1	216	1
P13129	O24146	33.7	527	0
P13154	O74024	25.7	332	1
P13188	P56926	32.3	564	1
P13196	P22557	55.7	553	1
P13254	P32929	44.1	376	1
P13264	O94925	94	666	1
P13298	P18163	9.1	162	0
P06653	P81717	11	152	1
P06721	P43623	39	333	1
P06732	P00563	96.5	381	1
P06733	P17182	94.7	434	1
P06744	Q9N1E2	93	558	1
P06745	Q9N1E2	89.4	558	1
P06784	Q13163	37.8	308	1
P06786	P11388	40	1375	1
P06797	P07154	94.3	334	1
Q23270	P15565	32.5	491	1
Q23500	P28271	63.4	884	1
Q23977	O14733	56.1	367	1
Q27743	Q07841	28.8	295	1
Q27890	P22513	84.3	357	1
Q27893	Q9MYU4	15.1	416	1
Q28824	P29294	87.3	1145	1
Q28943	Q12882	92.6	1025	1
Q29449	Q9Y2Q0	96	1149	1
P04391	Q51742	39	305	1
P04399	P10297	18.8	229	1
P04406	P04797	94.2	332	1
P04425	P52873	9.7	257	0
P04694	P33447	38.5	401	1
P04717	P00875	94.3	475	1
P04762	P04040	88.9	527	1
P04785	P07237	93.7	507	1
P58281	P21575	16.2	598	1
P58314	P58315	36.9	250	1
P58315	P58314	36.9	250	1
P58329	P74881	7.8	296	0
P60174	P00940	89	247	1
P61495	P37412	48.7	344	1
P61823	P00669	83.3	150	1
P62136	P36873	90.4	312	1
P62593	P16897	41.5	278	1
P23247	P0A9Q9	23.1	324	1
P23254	P33315	71.3	680	1
P23279	P18485	65.3	482	1
P23291	P48729	53.7	301	1
P23381	P32921	90	471	1
P23467	Q12913	24.2	1164	1
P23469	P10586	42.5	641	1
P23470	P23469	32	680	1
P23495	Q55338	10.6	79	0
Q55318	P21890	56.3	412	1
Q55338	P77918	49.3	296	1
Q55367	Q59948	76	145	1
Q55664	P56109	39.2	305	1
Q55777	P56653	18.9	130	1
Q55793	Q9Z1J3	24.2	360	1
Q56063	P31660	96.3	388	1
Q56232	P14909	29.7	378	1
Q56310	P29072	41.5	655	1
Q56320	P00175	6.5	194	0
P09917	P48999	93.4	674	1
P09955	P15086	83.4	416	1
P09960	P19602	92.9	611	1
P09989	P24478	96.5	289	1
P0A1P6	P77961	55.6	469	1
P0A6K6	P15848	9.5	273	0
P0A6L0	Q9Y948	22.3	219	1
P0A6L4	Q9JZR4	26.5	287	0
P38169	P20586	16	370	1
P38179	Q92685	35.7	386	1
P38230	P00331	23.8	311	0
P38418	Q06327	43.7	813	1
P38435	O88496	88.1	758	1
P38501	P25006	78.5	376	1
P38502	Q9WYB1	57.7	398	1
P38561	P14656	94.3	356	1
P38576	P50308	49.1	167	1
Q46920	P48596	17.7	103	0
Q46938	P42413	15	206	1
Q47066	P28585	79.3	291	1
Q47316	Q47318	17.3	529	1
Q47318	Q47316	16.3	526	1
Q48296	Q51742	46.8	292	1
Q48485	P37747	38.2	360	1
Q48907	Q9JZR4	9.8	192	0
Q49168	P21348	76.4	297	1
Q49605	P11558	72.8	549	1
